#Criteria,#Nodes,Number of execution,SelectFragments Seconds,SelectFragments Nano seconds,Composition Seconds,Composition Nano seconds,EngineSpecific Seconds,EngineSpecific Nano seconds,Experiment Seconds,Experiment Nano seconds,Model Found,Model Path,#Tried Combinations,Success Combination
2,5,0,0.0,0,0.0,0,0.0,0,0.36668276,366682760,false,,0,
2,20,0,0.018309585,18309585,0.0,0,0.0,0,0.167766883,167766883,false,,6,
3,24,0,0.032568475,32568475,0.0,0,0.0,0,0.273668057,273668057,false,,8,
#Criteria,#Nodes,Number of execution,SelectFragments Seconds,SelectFragments Nano seconds,Composition Seconds,Composition Nano seconds,EngineSpecific Seconds,EngineSpecific Nano seconds,Experiment Seconds,Experiment Nano seconds,Model Found,Model Path,#Tried Combinations,Success Combination
2,5,0,0.0,0,0.0,0,0.0,0,0.337195742,337195742,false,,0,
#Criteria,#Nodes,Number of execution,SelectFragments Seconds,SelectFragments Nano seconds,Composition Seconds,Composition Nano seconds,EngineSpecific Seconds,EngineSpecific Nano seconds,Experiment Seconds,Experiment Nano seconds,Model Found,Model Path,#Tried Combinations,Success Combination
2,11,0,0.028734027,28734027,0.0,0,0.0,0,0.360445854,360445854,false,,1,
2,20,0,0.045470335,45470335,0.0,0,0.0,0,0.295068176,295068176,false,,6,
3,24,0,0.063630139,63630139,0.0,0,0.0,0,0.455508854,455508854,false,,8,
#Criteria,#Nodes,Number of execution,SelectFragments Seconds,SelectFragments Nano seconds,Composition Seconds,Composition Nano seconds,EngineSpecific Seconds,EngineSpecific Nano seconds,Experiment Seconds,Experiment Nano seconds,Model Found,Model Path,#Tried Combinations,Success Combination
2,13,0,0.031991774,31991774,0.0,0,0.0,0,0.393777783,393777783,false,,2,
2,20,0,0.044411826,44411826,0.0,0,0.0,0,0.274107766,274107766,false,,6,
3,24,0,0.041228578,41228578,0.0,0,0.0,0,0.510419885,510419885,false,,8,
#Criteria,#Nodes,Number of execution,SelectFragments Seconds,SelectFragments Nano seconds,Composition Seconds,Composition Nano seconds,EngineSpecific Seconds,EngineSpecific Nano seconds,Experiment Seconds,Experiment Nano seconds,Model Found,Model Path,#Tried Combinations,Success Combination
2,5,0,0.0,0,0.0,0,0.0,0,0.637536723,637536723,false,,0,
2,20,0,0.040039589,40039589,0.0,0,0.0,0,0.242040542,242040542,false,,6,
3,24,0,0.059007913,59007913,0.0,0,0.0,0,0.46580666,465806660,false,,8,
#Criteria,#Nodes,Number of execution,SelectFragments Seconds,SelectFragments Nano seconds,Composition Seconds,Composition Nano seconds,EngineSpecific Seconds,EngineSpecific Nano seconds,Experiment Seconds,Experiment Nano seconds,Model Found,Model Path,#Tried Combinations,Success Combination
2,5,0,0.0,0,0.0,0,0.0,0,0.371936109,371936109,false,,0,
2,20,0,0.031686816,31686816,0.0,0,0.0,0,0.2592385,259238500,false,,6,
3,24,0,0.07311655,73116550,0.0,0,0.0,0,0.501977528,501977528,false,,8,
#Criteria,#Nodes,Number of execution,SelectFragments Seconds,SelectFragments Nano seconds,Composition Seconds,Composition Nano seconds,EngineSpecific Seconds,EngineSpecific Nano seconds,Experiment Seconds,Experiment Nano seconds,Model Found,Model Path,#Tried Combinations,Success Combination
2,6,0,0.0,0,0.0,0,0.0,0,0.310261658,310261658,false,,0,
2,20,0,0.03317576,33175760,0.0,0,0.0,0,0.231412702,231412702,false,,6,
3,24,0,0.045074845,45074845,0.0,0,0.0,0,0.474955494,474955494,false,,8,
#Criteria,#Nodes,Number of execution,SelectFragments Seconds,SelectFragments Nano seconds,Composition Seconds,Composition Nano seconds,EngineSpecific Seconds,EngineSpecific Nano seconds,Experiment Seconds,Experiment Nano seconds,Model Found,Model Path,#Tried Combinations,Success Combination
2,10,0,1.13527478,1135274780,0.0,0,0.0,0,1.473521378,1473521378,false,,1,
2,20,0,0.035854874,35854874,0.0,0,0.0,0,0.292564456,292564456,false,,6,
3,24,0,0.050208913,50208913,0.0,0,0.0,0,0.52255427,522554270,false,,8,
#Criteria,#Nodes,Number of execution,SelectFragments Seconds,SelectFragments Nano seconds,Composition Seconds,Composition Nano seconds,EngineSpecific Seconds,EngineSpecific Nano seconds,Experiment Seconds,Experiment Nano seconds,Model Found,Model Path,#Tried Combinations,Success Combination
2,10,0,1.037215773,1037215773,0.0,0,0.0,0,1.352314724,1352314724,false,,1,
2,20,0,0.047317947,47317947,0.0,0,0.0,0,0.225489527,225489527,false,,6,
3,24,0,0.068338552,68338552,0.0,0,0.0,0,0.485472398,485472398,false,,8,
#Criteria,#Nodes,Number of execution,SelectFragments Seconds,SelectFragments Nano seconds,Composition Seconds,Composition Nano seconds,EngineSpecific Seconds,EngineSpecific Nano seconds,Experiment Seconds,Experiment Nano seconds,Model Found,Model Path,#Tried Combinations,Success Combination
2,10,0,0.024667707,24667707,0.0,0,0.0,0,0.348652705,348652705,false,,1,
2,20,0,0.046047694,46047694,0.0,0,0.0,0,0.237531971,237531971,false,,6,
3,24,0,0.066621636,66621636,0.0,0,0.0,0,0.50561391,505613910,false,,8,
#Criteria,#Nodes,Number of execution,SelectFragments Seconds,SelectFragments Nano seconds,Composition Seconds,Composition Nano seconds,EngineSpecific Seconds,EngineSpecific Nano seconds,Experiment Seconds,Experiment Nano seconds,Model Found,Model Path,#Tried Combinations,Success Combination
2,12,0,0.024558698,24558698,0.0,0,0.0,0,0.322155941,322155941,false,,2,
2,20,0,0.049205641,49205641,0.0,0,0.0,0,0.286871152,286871152,false,,6,
3,24,0,0.052711327,52711327,0.0,0,0.0,0,0.478639441,478639441,false,,8,
#Criteria,#Nodes,Number of execution,SelectFragments Seconds,SelectFragments Nano seconds,Composition Seconds,Composition Nano seconds,EngineSpecific Seconds,EngineSpecific Nano seconds,Experiment Seconds,Experiment Nano seconds,Model Found,Model Path,#Tried Combinations,Success Combination
2,12,0,0.023422725,23422725,0.0,0,0.0,0,0.353438065,353438065,false,,2,
2,20,0,0.048918131,48918131,0.0,0,0.0,0,0.275468408,275468408,false,,6,
3,24,0,0.058763478,58763478,0.0,0,0.0,0,0.522071403,522071403,false,,8,
#Criteria,#Nodes,Number of execution,SelectFragments Seconds,SelectFragments Nano seconds,Composition Seconds,Composition Nano seconds,EngineSpecific Seconds,EngineSpecific Nano seconds,Experiment Seconds,Experiment Nano seconds,Model Found,Model Path,#Tried Combinations,Success Combination
2,10,0,0.025159359,25159359,0.0,0,0.0,0,0.345703882,345703882,false,,1,
#Criteria,#Nodes,Number of execution,SelectFragments Seconds,SelectFragments Nano seconds,Composition Seconds,Composition Nano seconds,EngineSpecific Seconds,EngineSpecific Nano seconds,Experiment Seconds,Experiment Nano seconds,Model Found,Model Path,#Tried Combinations,Success Combination
2,15,0,0.141298321,141298321,0.001332273,1332273,0.0,0,1.783727723,1783727723,false,,3,
#Criteria,#Nodes,Number of execution,SelectFragments Seconds,SelectFragments Nano seconds,Composition Seconds,Composition Nano seconds,EngineSpecific Seconds,EngineSpecific Nano seconds,Experiment Seconds,Experiment Nano seconds,Model Found,Model Path,#Tried Combinations,Success Combination
2,15,0,0.031284429,31284429,0.001235231,1235231,0.0,0,1.53046044,1530460440,false,,3,
#Criteria,#Nodes,Number of execution,SelectFragments Seconds,SelectFragments Nano seconds,Composition Seconds,Composition Nano seconds,EngineSpecific Seconds,EngineSpecific Nano seconds,Experiment Seconds,Experiment Nano seconds,Model Found,Model Path,#Tried Combinations,Success Combination
2,15,0,0.022508132,22508132,0.0,0,0.0,0,0.535527102,535527102,false,,3,
#Criteria,#Nodes,Number of execution,SelectFragments Seconds,SelectFragments Nano seconds,Composition Seconds,Composition Nano seconds,EngineSpecific Seconds,EngineSpecific Nano seconds,Experiment Seconds,Experiment Nano seconds,Model Found,Model Path,#Tried Combinations,Success Combination
2,20,0,0.00845997,8459970,0.0,0,0.0,0,0.455480943,455480943,false,,6,
#Criteria,#Nodes,Number of execution,SelectFragments Seconds,SelectFragments Nano seconds,Composition Seconds,Composition Nano seconds,EngineSpecific Seconds,EngineSpecific Nano seconds,Experiment Seconds,Experiment Nano seconds,Model Found,Model Path,#Tried Combinations,Success Combination
2,14,0,0.015992729,15992729,0.0,0,0.0,0,0.395430213,395430213,false,,3,
#Criteria,#Nodes,Number of execution,SelectFragments Seconds,SelectFragments Nano seconds,Composition Seconds,Composition Nano seconds,EngineSpecific Seconds,EngineSpecific Nano seconds,Experiment Seconds,Experiment Nano seconds,Model Found,Model Path,#Tried Combinations,Success Combination
2,14,0,0.008974296,8974296,0.0,0,0.0,0,0.418026151,418026151,false,,3,
#Criteria,#Nodes,Number of execution,SelectFragments Seconds,SelectFragments Nano seconds,Composition Seconds,Composition Nano seconds,EngineSpecific Seconds,EngineSpecific Nano seconds,Experiment Seconds,Experiment Nano seconds,Model Found,Model Path,#Tried Combinations,Success Combination
2,14,0,0.009179721,9179721,0.0,0,0.0,0,0.366125081,366125081,false,,3,
#Criteria,#Nodes,Number of execution,SelectFragments Seconds,SelectFragments Nano seconds,Composition Seconds,Composition Nano seconds,EngineSpecific Seconds,EngineSpecific Nano seconds,Experiment Seconds,Experiment Nano seconds,Model Found,Model Path,#Tried Combinations,Success Combination
2,14,0,0.022649505,22649505,0.0,0,0.0,0,36.887138782,36887138782,false,,3,
#Criteria,#Nodes,Number of execution,SelectFragments Seconds,SelectFragments Nano seconds,Composition Seconds,Composition Nano seconds,EngineSpecific Seconds,EngineSpecific Nano seconds,Experiment Seconds,Experiment Nano seconds,Model Found,Model Path,#Tried Combinations,Success Combination
2,14,0,0.036792312,36792312,0.0,0,0.0,0,0.459350858,459350858,false,,3,
#Criteria,#Nodes,Number of execution,SelectFragments Seconds,SelectFragments Nano seconds,Composition Seconds,Composition Nano seconds,EngineSpecific Seconds,EngineSpecific Nano seconds,Experiment Seconds,Experiment Nano seconds,Model Found,Model Path,#Tried Combinations,Success Combination
2,14,0,0.013011581,13011581,0.0,0,0.0,0,0.384958869,384958869,false,,3,
#Criteria,#Nodes,Number of execution,SelectFragments Seconds,SelectFragments Nano seconds,Composition Seconds,Composition Nano seconds,EngineSpecific Seconds,EngineSpecific Nano seconds,Experiment Seconds,Experiment Nano seconds,Model Found,Model Path,#Tried Combinations,Success Combination
2,14,0,0.171718256,171718256,2.5725E-4,257250,0.0,0,1.949384825,1949384825,false,,3,
#Criteria,#Nodes,Number of execution,SelectFragments Seconds,SelectFragments Nano seconds,Composition Seconds,Composition Nano seconds,EngineSpecific Seconds,EngineSpecific Nano seconds,Experiment Seconds,Experiment Nano seconds,Model Found,Model Path,#Tried Combinations,Success Combination
2,14,0,0.091132282,91132282,0.0,0,0.0,0,1.656816304,1656816304,false,,3,
#Criteria,#Nodes,Number of execution,SelectFragments Seconds,SelectFragments Nano seconds,Composition Seconds,Composition Nano seconds,EngineSpecific Seconds,EngineSpecific Nano seconds,Experiment Seconds,Experiment Nano seconds,Model Found,Model Path,#Tried Combinations,Success Combination
2,14,0,4.177687596,4177687596,0.0,0,0.0,0,25.975036904,25975036904,false,,3,
#Criteria,#Nodes,Number of execution,SelectFragments Seconds,SelectFragments Nano seconds,Composition Seconds,Composition Nano seconds,EngineSpecific Seconds,EngineSpecific Nano seconds,Experiment Seconds,Experiment Nano seconds,Model Found,Model Path,#Tried Combinations,Success Combination
2,14,0,0.090602523,90602523,0.0,0,0.0,0,1.633476434,1633476434,false,,3,
#Criteria,#Nodes,Number of execution,SelectFragments Seconds,SelectFragments Nano seconds,Composition Seconds,Composition Nano seconds,EngineSpecific Seconds,EngineSpecific Nano seconds,Experiment Seconds,Experiment Nano seconds,Model Found,Model Path,#Tried Combinations,Success Combination
2,14,0,0.153352963,153352963,0.0,0,0.0,0,1.689211221,1689211221,false,,3,
#Criteria,#Nodes,Number of execution,SelectFragments Seconds,SelectFragments Nano seconds,Composition Seconds,Composition Nano seconds,EngineSpecific Seconds,EngineSpecific Nano seconds,Experiment Seconds,Experiment Nano seconds,Model Found,Model Path,#Tried Combinations,Success Combination
2,14,0,0.09086467,90864670,0.0,0,0.0,0,1.71801175,1718011750,false,,3,
#Criteria,#Nodes,Number of execution,SelectFragments Seconds,SelectFragments Nano seconds,Composition Seconds,Composition Nano seconds,EngineSpecific Seconds,EngineSpecific Nano seconds,Experiment Seconds,Experiment Nano seconds,Model Found,Model Path,#Tried Combinations,Success Combination
2,14,0,1.544798681,1544798681,0.113500285,113500285,0.038273818,38273818,2.102139814,2102139814,true,../processsynthesis/newProcess/newProcess5gmmvfg2u7svoe6nr0e1t1re2n.bpmn2,1,6& 8
#Criteria,#Nodes,Number of execution,SelectFragments Seconds,SelectFragments Nano seconds,Composition Seconds,Composition Nano seconds,EngineSpecific Seconds,EngineSpecific Nano seconds,Experiment Seconds,Experiment Nano seconds,Model Found,Model Path,#Tried Combinations,Success Combination
2,14,0,1.60296029,1602960290,0.112012536,112012536,0.030619282,30619282,2.106940954,2106940954,true,../processsynthesis/newProcess/newProcessd6j35gm63cul8f67pejk44crpc.bpmn2,1,6& 8
#Criteria,#Nodes,Number of execution,SelectFragments Seconds,SelectFragments Nano seconds,Composition Seconds,Composition Nano seconds,EngineSpecific Seconds,EngineSpecific Nano seconds,Experiment Seconds,Experiment Nano seconds,Model Found,Model Path,#Tried Combinations,Success Combination
3,22,0,5.652090645,5652090645,0.086132125,86132125,0.031798837,31798837,6.152176015,6152176015,true,../processsynthesis/newProcess/newProcessrbo5g0nhgi2616gd13cugm5f8q.bpmn2,1,6& 11& 5
#Criteria,#Nodes,Number of execution,SelectFragments Seconds,SelectFragments Nano seconds,Composition Seconds,Composition Nano seconds,EngineSpecific Seconds,EngineSpecific Nano seconds,Experiment Seconds,Experiment Nano seconds,Model Found,Model Path,#Tried Combinations,Success Combination
3,22,0,8.584260615,8584260615,0.084470927,84470927,0.038862139,38862139,9.047662125,9047662125,true,../processsynthesis/newProcess/newProcessbfs69n8a1u9567usg0nq8vo39j.bpmn2,1,6& 11& 5
#Criteria,#Nodes,Number of execution,SelectFragments Seconds,SelectFragments Nano seconds,Composition Seconds,Composition Nano seconds,EngineSpecific Seconds,EngineSpecific Nano seconds,Experiment Seconds,Experiment Nano seconds,Model Found,Model Path,#Tried Combinations,Success Combination
4,20,0,3.902985874,3902985874,0.225237689,225237689,0.123592855,123592855,4.683413487,4683413487,true,../processsynthesis/newProcess/newProcessrurksjrlvj22a108k8m947aopd.bpmn2,1,5& 5& 5& 5
#Criteria,#Nodes,Number of execution,SelectFragments Seconds,SelectFragments Nano seconds,Composition Seconds,Composition Nano seconds,EngineSpecific Seconds,EngineSpecific Nano seconds,Experiment Seconds,Experiment Nano seconds,Model Found,Model Path,#Tried Combinations,Success Combination
3,22,0,7.415016307,7415016307,0.103193093,103193093,0.043408966,43408966,8.003240726,8003240726,true,../processsynthesis/newProcess/newProcesstigc7svtieptr5g71u6ve4jo5t.bpmn2,1,6& 11& 5
4,20,0,1.21704536,1217045360,0.069073975,69073975,0.082459777,82459777,1.387710602,1387710602,true,../processsynthesis/newProcess/newProcess2pqpa6eqr54kclb4i7p50uaoei.bpmn2,1,5& 5& 5& 5
#Criteria,#Nodes,Number of execution,SelectFragments Seconds,SelectFragments Nano seconds,Composition Seconds,Composition Nano seconds,EngineSpecific Seconds,EngineSpecific Nano seconds,Experiment Seconds,Experiment Nano seconds,Model Found,Model Path,#Tried Combinations,Success Combination
3,22,0,7.852026375,7852026375,0.191807945,191807945,0.045582937,45582937,8.420636575,8420636575,true,../processsynthesis/newProcess/newProcessg7qubgat062bmiao7epe28pm4e.bpmn2,1,6& 11& 5
4,20,0,1.341108505,1341108505,0.057070021,57070021,0.080666363,80666363,1.500461348,1500461348,true,../processsynthesis/newProcess/newProcessl2te2mgopmpttmel2l57roqqvt.bpmn2,1,5& 5& 5& 5
#Criteria,#Nodes,Number of execution,SelectFragments Seconds,SelectFragments Nano seconds,Composition Seconds,Composition Nano seconds,EngineSpecific Seconds,EngineSpecific Nano seconds,Experiment Seconds,Experiment Nano seconds,Model Found,Model Path,#Tried Combinations,Success Combination
3,22,0,4.15217874,4152178740,0.0,0,0.0,0,16.915253594,16915253594,false,,4,
#Criteria,#Nodes,Number of execution,SelectFragments Seconds,SelectFragments Nano seconds,Composition Seconds,Composition Nano seconds,EngineSpecific Seconds,EngineSpecific Nano seconds,Experiment Seconds,Experiment Nano seconds,Model Found,Model Path,#Tried Combinations,Success Combination
3,19,0,7.450616641,7450616641,0.09338182,93381820,0.045415946,45415946,7.924203493,7924203493,true,../processsynthesis/newProcess/newProcess47u432g9lgq2oqalivts4l8rgs.bpmn2,1,6& 8& 5
#Criteria,#Nodes,Number of execution,SelectFragments Seconds,SelectFragments Nano seconds,Composition Seconds,Composition Nano seconds,EngineSpecific Seconds,EngineSpecific Nano seconds,Experiment Seconds,Experiment Nano seconds,Model Found,Model Path,#Tried Combinations,Success Combination
3,19,0,0.059086703,59086703,0.0,0,0.0,0,0.403256248,403256248,false,,1,
#Criteria,#Nodes,Number of execution,SelectFragments Seconds,SelectFragments Nano seconds,Composition Seconds,Composition Nano seconds,EngineSpecific Seconds,EngineSpecific Nano seconds,Experiment Seconds,Experiment Nano seconds,Model Found,Model Path,#Tried Combinations,Success Combination
3,19,0,8.280123521,8280123521,0.085606428,85606428,0.058814974,58814974,8.789054966,8789054966,true,../processsynthesis/newProcess/newProcessngmu8hhsdd9esvlk701n7hbujr.bpmn2,1,6& 8& 5
#Criteria,#Nodes,Number of execution,SelectFragments Seconds,SelectFragments Nano seconds,Composition Seconds,Composition Nano seconds,EngineSpecific Seconds,EngineSpecific Nano seconds,Experiment Seconds,Experiment Nano seconds,Model Found,Model Path,#Tried Combinations,Success Combination
3,19,0,7.830339437,7830339437,0.115836134,115836134,0.054157158,54157158,8.348982814,8348982814,true,../processsynthesis/newProcess/newProcessj9m0c3sspk6fpt7baj5o85fc1t.bpmn2,1,6& 8& 5
#Criteria,#Nodes,Number of execution,SelectFragments Seconds,SelectFragments Nano seconds,Composition Seconds,Composition Nano seconds,EngineSpecific Seconds,EngineSpecific Nano seconds,Experiment Seconds,Experiment Nano seconds,Model Found,Model Path,#Tried Combinations,Success Combination
3,19,0,8.317040071,8317040071,0.0,0,0.0,0,8.670551092,8670551092,false,,1,
#Criteria,#Nodes,Number of execution,SelectFragments Seconds,SelectFragments Nano seconds,Composition Seconds,Composition Nano seconds,EngineSpecific Seconds,EngineSpecific Nano seconds,Experiment Seconds,Experiment Nano seconds,Model Found,Model Path,#Tried Combinations,Success Combination
3,19,0,9.569670107,9569670107,0.292863847,292863847,1.8956E-5,18956,10.23071543,10230715430,true,../processsynthesis/newProcess/newProcessvgl9dk22lkci329mrm529datjo.bpmn2,1,6& 8& 5
#Criteria,#Nodes,Number of execution,SelectFragments Seconds,SelectFragments Nano seconds,Composition Seconds,Composition Nano seconds,EngineSpecific Seconds,EngineSpecific Nano seconds,Experiment Seconds,Experiment Nano seconds,Model Found,Model Path,#Tried Combinations,Success Combination
3,19,0,7.69918877,7699188770,0.090711128,90711128,2.0215E-5,20215,8.173226019,8173226019,true,../processsynthesis/newProcess/newProcessknu0leb4jdoh0mcil3lenvrak0.bpmn2,1,6& 8& 5
#Criteria,#Nodes,Number of execution,SelectFragments Seconds,SelectFragments Nano seconds,Composition Seconds,Composition Nano seconds,EngineSpecific Seconds,EngineSpecific Nano seconds,Experiment Seconds,Experiment Nano seconds,Model Found,Model Path,#Tried Combinations,Success Combination
3,19,0,6.929284932,6929284932,0.005721072,5721072,0.0,0,7.260411147,7260411147,false,,1,
#Criteria,#Nodes,Number of execution,SelectFragments Seconds,SelectFragments Nano seconds,Composition Seconds,Composition Nano seconds,EngineSpecific Seconds,EngineSpecific Nano seconds,Experiment Seconds,Experiment Nano seconds,Model Found,Model Path,#Tried Combinations,Success Combination
2,19,0,3.328321476,3328321476,1.57863E-4,157863,0.0,0,22.492859041,22492859041,false,,5,
#Criteria,#Nodes,Number of execution,SelectFragments Seconds,SelectFragments Nano seconds,Composition Seconds,Composition Nano seconds,EngineSpecific Seconds,EngineSpecific Nano seconds,Experiment Seconds,Experiment Nano seconds,Model Found,Model Path,#Tried Combinations,Success Combination
2,19,0,0.776306641,776306641,3.46694E-4,346694,0.0,0,7.437660697,7437660697,false,,5,
#Criteria,#Nodes,Number of execution,SelectFragments Seconds,SelectFragments Nano seconds,Composition Seconds,Composition Nano seconds,EngineSpecific Seconds,EngineSpecific Nano seconds,Experiment Seconds,Experiment Nano seconds,Model Found,Model Path,#Tried Combinations,Success Combination
2,19,0,1.735329899,1735329899,0.0,0,0.0,0,12.304183473,12304183473,false,,5,
#Criteria,#Nodes,Number of execution,SelectFragments Seconds,SelectFragments Nano seconds,Composition Seconds,Composition Nano seconds,EngineSpecific Seconds,EngineSpecific Nano seconds,Experiment Seconds,Experiment Nano seconds,Model Found,Model Path,#Tried Combinations,Success Combination
2,19,0,5.018613803,5018613803,0.117534307,117534307,2.7519E-5,27519,5.504140969,5504140969,true,../processsynthesis/newProcess/newProcessbvk53scc6vf4aj1m3r9l2ai7ra.bpmn2,1,6& 13
#Criteria,#Nodes,Number of execution,SelectFragments Seconds,SelectFragments Nano seconds,Composition Seconds,Composition Nano seconds,EngineSpecific Seconds,EngineSpecific Nano seconds,Experiment Seconds,Experiment Nano seconds,Model Found,Model Path,#Tried Combinations,Success Combination
4,22,0,0.0,0,0.0,0,0.0,0,0.35315198,353151980,false,,0,
#Criteria,#Nodes,Number of execution,SelectFragments Seconds,SelectFragments Nano seconds,Composition Seconds,Composition Nano seconds,EngineSpecific Seconds,EngineSpecific Nano seconds,Experiment Seconds,Experiment Nano seconds,Model Found,Model Path,#Tried Combinations,Success Combination
4,24,0,1.642522379,1642522379,0.152838258,152838258,3.3745E-5,33745,2.371785542,2371785542,true,../processsynthesis/newProcess/newProcesso69ulb8g13ir45jupsq83c43vf.bpmn2,1,6& 6& 6& 6
#Criteria,#Nodes,Number of execution,SelectFragments Seconds,SelectFragments Nano seconds,Composition Seconds,Composition Nano seconds,EngineSpecific Seconds,EngineSpecific Nano seconds,Experiment Seconds,Experiment Nano seconds,Model Found,Model Path,#Tried Combinations,Success Combination
4,24,0,1.762827481,1762827481,0.151482555,151482555,1.6874E-5,16874,2.284359022,2284359022,true,../processsynthesis/newProcess/newProcesseilkiubn5q5cv62ltfj175thrk.bpmn2,1,6& 6& 6& 6
#Criteria,#Nodes,Number of execution,SelectFragments Seconds,SelectFragments Nano seconds,Composition Seconds,Composition Nano seconds,EngineSpecific Seconds,EngineSpecific Nano seconds,Experiment Seconds,Experiment Nano seconds,Model Found,Model Path,#Tried Combinations,Success Combination
4,24,0,4.570949633,4570949633,5.221583613,5221583613,3.7907E-5,37907,10.24367409,10243674090,true,../processsynthesis/newProcess/newProcessbcfjjfajefti579ekd00nk4h1.bpmn2,1,6& 6& 6& 6
#Criteria,#Nodes,Number of execution,SelectFragments Seconds,SelectFragments Nano seconds,Composition Seconds,Composition Nano seconds,EngineSpecific Seconds,EngineSpecific Nano seconds,Experiment Seconds,Experiment Nano seconds,Model Found,Model Path,#Tried Combinations,Success Combination
4,24,0,1.505461525,1505461525,0.090392203,90392203,4.616E-5,46160,1.915272612,1915272612,true,../processsynthesis/newProcess/newProcessrcckr0cspa32jecn962ssuke52.bpmn2,1,6& 6& 6& 6
#Criteria,#Nodes,Number of execution,SelectFragments Seconds,SelectFragments Nano seconds,Composition Seconds,Composition Nano seconds,EngineSpecific Seconds,EngineSpecific Nano seconds,Experiment Seconds,Experiment Nano seconds,Model Found,Model Path,#Tried Combinations,Success Combination
4,24,0,7.641755612,7641755612,0.082106493,82106493,2.3802E-5,23802,8.210261265,8210261265,true,../processsynthesis/newProcess/newProcesst9cpbjhr9gm082kf5potffs5jm.bpmn2,1,6& 6& 6& 6
#Criteria,#Nodes,Number of execution,SelectFragments Seconds,SelectFragments Nano seconds,Composition Seconds,Composition Nano seconds,EngineSpecific Seconds,EngineSpecific Nano seconds,Experiment Seconds,Experiment Nano seconds,Model Found,Model Path,#Tried Combinations,Success Combination
4,24,0,1.446218888,1446218888,0.0,0,0.0,0,1.827849252,1827849252,false,,1,
#Criteria,#Nodes,Number of execution,SelectFragments Seconds,SelectFragments Nano seconds,Composition Seconds,Composition Nano seconds,EngineSpecific Seconds,EngineSpecific Nano seconds,Experiment Seconds,Experiment Nano seconds,Model Found,Model Path,#Tried Combinations,Success Combination
4,24,0,1.659322187,1659322187,0.0,0,0.0,0,2.018932672,2018932672,false,,1,
#Criteria,#Nodes,Number of execution,SelectFragments Seconds,SelectFragments Nano seconds,Composition Seconds,Composition Nano seconds,EngineSpecific Seconds,EngineSpecific Nano seconds,Experiment Seconds,Experiment Nano seconds,Model Found,Model Path,#Tried Combinations,Success Combination
4,24,0,1.899469747,1899469747,0.00413758,4137580,0.0,0,2.277110655,2277110655,false,,1,
#Criteria,#Nodes,Number of execution,SelectFragments Seconds,SelectFragments Nano seconds,Composition Seconds,Composition Nano seconds,EngineSpecific Seconds,EngineSpecific Nano seconds,Experiment Seconds,Experiment Nano seconds,Model Found,Model Path,#Tried Combinations,Success Combination
4,24,0,7.431998109,7431998109,17.572085376,17572085376,0.0,0,25.402854581,25402854581,false,,1,
#Criteria,#Nodes,Number of execution,SelectFragments Seconds,SelectFragments Nano seconds,Composition Seconds,Composition Nano seconds,EngineSpecific Seconds,EngineSpecific Nano seconds,Experiment Seconds,Experiment Nano seconds,Model Found,Model Path,#Tried Combinations,Success Combination
4,24,0,6.489941391,6489941391,0.001134273,1134273,0.0,0,6.837541782,6837541782,false,,1,
#Criteria,#Nodes,Number of execution,SelectFragments Seconds,SelectFragments Nano seconds,Composition Seconds,Composition Nano seconds,EngineSpecific Seconds,EngineSpecific Nano seconds,Experiment Seconds,Experiment Nano seconds,Model Found,Model Path,#Tried Combinations,Success Combination
4,24,0,5.404986719,5404986719,0.001179225,1179225,0.0,0,5.845393559,5845393559,false,,1,
#Criteria,#Nodes,Number of execution,SelectFragments Seconds,SelectFragments Nano seconds,Composition Seconds,Composition Nano seconds,EngineSpecific Seconds,EngineSpecific Nano seconds,Experiment Seconds,Experiment Nano seconds,Model Found,Model Path,#Tried Combinations,Success Combination
4,24,0,5.528055311,5528055311,1.00083E-4,100083,0.0,0,5.875505339,5875505339,false,,1,
#Criteria,#Nodes,Number of execution,SelectFragments Seconds,SelectFragments Nano seconds,Composition Seconds,Composition Nano seconds,EngineSpecific Seconds,EngineSpecific Nano seconds,Experiment Seconds,Experiment Nano seconds,Model Found,Model Path,#Tried Combinations,Success Combination
2,19,0,1.526641584,1526641584,0.0,0,0.0,0,11.533178918,11533178918,false,,5,
#Criteria,#Nodes,Number of execution,SelectFragments Seconds,SelectFragments Nano seconds,Composition Seconds,Composition Nano seconds,EngineSpecific Seconds,EngineSpecific Nano seconds,Experiment Seconds,Experiment Nano seconds,Model Found,Model Path,#Tried Combinations,Success Combination
2,19,0,3.827605483,3827605483,0.0,0,0.0,0,4.154726887,4154726887,false,,5,
#Criteria,#Nodes,Number of execution,SelectFragments Seconds,SelectFragments Nano seconds,Composition Seconds,Composition Nano seconds,EngineSpecific Seconds,EngineSpecific Nano seconds,Experiment Seconds,Experiment Nano seconds,Model Found,Model Path,#Tried Combinations,Success Combination
2,19,0,4.023601337,4023601337,0.0,0,0.0,0,4.357570334,4357570334,false,,5,
#Criteria,#Nodes,Number of execution,SelectFragments Seconds,SelectFragments Nano seconds,Composition Seconds,Composition Nano seconds,EngineSpecific Seconds,EngineSpecific Nano seconds,Experiment Seconds,Experiment Nano seconds,Model Found,Model Path,#Tried Combinations,Success Combination
2,19,0,4.222207561,4222207561,0.0,0,0.0,0,4.532270359,4532270359,false,,5,
#Criteria,#Nodes,Number of execution,SelectFragments Seconds,SelectFragments Nano seconds,Composition Seconds,Composition Nano seconds,EngineSpecific Seconds,EngineSpecific Nano seconds,Experiment Seconds,Experiment Nano seconds,Model Found,Model Path,#Tried Combinations,Success Combination
3,19,0,2.189383501,2189383501,0.0,0,0.0,0,2.512223474,2512223474,false,,1,
#Criteria,#Nodes,Number of execution,SelectFragments Seconds,SelectFragments Nano seconds,Composition Seconds,Composition Nano seconds,EngineSpecific Seconds,EngineSpecific Nano seconds,Experiment Seconds,Experiment Nano seconds,Model Found,Model Path,#Tried Combinations,Success Combination
2,19,0,2.279042795,2279042795,0.001337317,1337317,0.0,0,2.598949257,2598949257,false,,5,
#Criteria,#Nodes,Number of execution,SelectFragments Seconds,SelectFragments Nano seconds,Composition Seconds,Composition Nano seconds,EngineSpecific Seconds,EngineSpecific Nano seconds,Experiment Seconds,Experiment Nano seconds,Model Found,Model Path,#Tried Combinations,Success Combination
2,19,0,2.137677823,2137677823,0.001378315,1378315,0.0,0,2.45580111,2455801110,false,,5,
#Criteria,#Nodes,Number of execution,SelectFragments Seconds,SelectFragments Nano seconds,Composition Seconds,Composition Nano seconds,EngineSpecific Seconds,EngineSpecific Nano seconds,Experiment Seconds,Experiment Nano seconds,Model Found,Model Path,#Tried Combinations,Success Combination
2,19,0,8.252759314,8252759314,226.764480302,226764480302,0.0,0,235.39985639,235399856390,false,,5,
#Criteria,#Nodes,Number of execution,SelectFragments Seconds,SelectFragments Nano seconds,Composition Seconds,Composition Nano seconds,EngineSpecific Seconds,EngineSpecific Nano seconds,Experiment Seconds,Experiment Nano seconds,Model Found,Model Path,#Tried Combinations,Success Combination
2,19,0,2.20798183,2207981830,0.090622411,90622411,2.5199E-5,25199,2.607612593,2607612593,true,../processsynthesis/newProcess/newProcessopgsv5s4kcbggivejpqjrbp37o.bpmn2,1,
#Criteria,#Nodes,Number of execution,SelectFragments Seconds,SelectFragments Nano seconds,Composition Seconds,Composition Nano seconds,EngineSpecific Seconds,EngineSpecific Nano seconds,Experiment Seconds,Experiment Nano seconds,Model Found,Model Path,#Tried Combinations,Success Combination
2,19,0,1.964114559,1964114559,0.125654761,125654761,1.7525E-5,17525,2.537902055,2537902055,true,../processsynthesis/newProcess/newProcessnforldq3j74aevdunmqnrd1i9b.bpmn2,1,
#Criteria,#Nodes,Number of execution,SelectFragments Seconds,SelectFragments Nano seconds,Composition Seconds,Composition Nano seconds,EngineSpecific Seconds,EngineSpecific Nano seconds,Experiment Seconds,Experiment Nano seconds,Model Found,Model Path,#Tried Combinations,Success Combination
2,19,0,1.877079412,1877079412,0.094714026,94714026,1.3521E-5,13521,2.275148516,2275148516,true,../processsynthesis/newProcess/newProcess66njp67pbelpkdk2gao2lovda.bpmn2,1,
#Criteria,#Nodes,Number of execution,SelectFragments Seconds,SelectFragments Nano seconds,Composition Seconds,Composition Nano seconds,EngineSpecific Seconds,EngineSpecific Nano seconds,Experiment Seconds,Experiment Nano seconds,Model Found,Model Path,#Tried Combinations,Success Combination
4,24,0,4.940531756,4940531756,0.0,0,0.0,0,5.276998592,5276998592,false,,1,
#Criteria,#Nodes,Number of execution,SelectFragments Seconds,SelectFragments Nano seconds,Composition Seconds,Composition Nano seconds,EngineSpecific Seconds,EngineSpecific Nano seconds,Experiment Seconds,Experiment Nano seconds,Model Found,Model Path,#Tried Combinations,Success Combination
3,24,0,1.5946E-5,15946,0.0,0,0.0,0,0.366294094,366294094,false,,8,
#Criteria,#Nodes,Number of execution,SelectFragments Seconds,SelectFragments Nano seconds,Composition Seconds,Composition Nano seconds,EngineSpecific Seconds,EngineSpecific Nano seconds,Experiment Seconds,Experiment Nano seconds,Model Found,Model Path,#Tried Combinations,Success Combination
3,24,0,9.406098511,9406098511,202.977006206,202977006206,3.0604E-5,30604,212.808298072,212808298072,true,../processsynthesis/newProcess/newProcessrmonclrmrv48654agdoauufjti.bpmn2,1,
#Criteria,#Nodes,Number of execution,SelectFragments Seconds,SelectFragments Nano seconds,Composition Seconds,Composition Nano seconds,EngineSpecific Seconds,EngineSpecific Nano seconds,Experiment Seconds,Experiment Nano seconds,Model Found,Model Path,#Tried Combinations,Success Combination
3,24,0,8.75279779,8752797790,0.097898234,97898234,2.1298E-5,21298,9.203994243,9203994243,true,../processsynthesis/newProcess/newProcessb0mcm35qnm6kkkmjusijnkdals.bpmn2,1,
#Criteria,#Nodes,Number of execution,SelectFragments Seconds,SelectFragments Nano seconds,Composition Seconds,Composition Nano seconds,EngineSpecific Seconds,EngineSpecific Nano seconds,Experiment Seconds,Experiment Nano seconds,Model Found,Model Path,#Tried Combinations,Success Combination
3,24,0,8.480961048,8480961048,0.090368911,90368911,1.4169E-4,141690,8.902187459,8902187459,true,../processsynthesis/newProcess/newProcesscl90lp7vv6vi72o62bi4oteji9.bpmn2,1,
#Criteria,#Nodes,Number of execution,SelectFragments Seconds,SelectFragments Nano seconds,Composition Seconds,Composition Nano seconds,EngineSpecific Seconds,EngineSpecific Nano seconds,Experiment Seconds,Experiment Nano seconds,Model Found,Model Path,#Tried Combinations,Success Combination
2,19,0,1.940666769,1940666769,0.115604982,115604982,3.994E-5,39940,2.415020998,2415020998,true,../processsynthesis/newProcess/newProcessovjqo5rt5snavrg8i7clr0ilu0.bpmn2,1,
#Criteria,#Nodes,Number of execution,SelectFragments Seconds,SelectFragments Nano seconds,Composition Seconds,Composition Nano seconds,EngineSpecific Seconds,EngineSpecific Nano seconds,Experiment Seconds,Experiment Nano seconds,Model Found,Model Path,#Tried Combinations,Success Combination
2,19,0,1.850059651,1850059651,0.158463773,158463773,2.4215E-5,24215,2.337767025,2337767025,true,../processsynthesis/newProcess/newProcessjqpi3qr69aqolje69devkjl43h.bpmn2,1,
3,24,0,0.7224885,722488500,0.0,0,0.0,0,0.757632065,757632065,false,,8,
#Criteria,#Nodes,Number of execution,SelectFragments Seconds,SelectFragments Nano seconds,Composition Seconds,Composition Nano seconds,EngineSpecific Seconds,EngineSpecific Nano seconds,Experiment Seconds,Experiment Nano seconds,Model Found,Model Path,#Tried Combinations,Success Combination
2,19,0,1.861680649,1861680649,0.115870128,115870128,1.4803E-5,14803,2.220557667,2220557667,true,../processsynthesis/newProcess/newProcess53fk52b1a18a5gdriikb4rga5q.bpmn2,1,
3,24,0,5.92514226,5925142260,0.054491522,54491522,2.176E-6,2176,5.996294064,5996294064,true,../processsynthesis/newProcess/newProcess6fga2seapid6vkpfhcfg58ei2k.bpmn2,1,
#Criteria,#Nodes,Number of execution,SelectFragments Seconds,SelectFragments Nano seconds,Composition Seconds,Composition Nano seconds,EngineSpecific Seconds,EngineSpecific Nano seconds,Experiment Seconds,Experiment Nano seconds,Model Found,Model Path,#Tried Combinations,Success Combination
2,19,0,1.93913469,1939134690,9.69581E-4,969581,0.0,0,2.484369886,2484369886,false,,5,
3,24,0,6.445713998,6445713998,0.125753171,125753171,2.2918E-5,22918,6.598718037,6598718037,true,../processsynthesis/newProcess/newProcess9o3pq3hd3ji448bb4s0odtk3ap.bpmn2,1,
#Criteria,#Nodes,Number of execution,SelectFragments Seconds,SelectFragments Nano seconds,Composition Seconds,Composition Nano seconds,EngineSpecific Seconds,EngineSpecific Nano seconds,Experiment Seconds,Experiment Nano seconds,Model Found,Model Path,#Tried Combinations,Success Combination
2,19,0,1.901720786,1901720786,0.106023502,106023502,1.7811E-5,17811,2.386217704,2386217704,true,../processsynthesis/newProcess/newProcessnb7gf80ea9m4m80q4ugp1nslam.bpmn2,1,
3,24,0,5.376880036,5376880036,0.04396208,43962080,2.7781E-5,27781,5.439512503,5439512503,true,../processsynthesis/newProcess/newProcess3phroopeo0269i5s3e1hdcr32m.bpmn2,1,
#Criteria,#Nodes,Number of execution,SelectFragments Seconds,SelectFragments Nano seconds,Composition Seconds,Composition Nano seconds,EngineSpecific Seconds,EngineSpecific Nano seconds,Experiment Seconds,Experiment Nano seconds,Model Found,Model Path,#Tried Combinations,Success Combination
2,19,0,0.004147553,4147553,0.0,0,0.0,0,0.010645426,10645426,false,,0,
3,24,0,6.194E-6,6194,0.0,0,0.0,0,0.004137739,4137739,false,,0,
#Criteria,#Nodes,Number of execution,SelectFragments Seconds,SelectFragments Nano seconds,Composition Seconds,Composition Nano seconds,EngineSpecific Seconds,EngineSpecific Nano seconds,Experiment Seconds,Experiment Nano seconds,Model Found,Model Path,#Tried Combinations,Success Combination
2,19,0,0.323141706,323141706,0.0,0,0.0,0,0.34110087,341100870,false,,0,
3,24,0,0.023040776,23040776,0.0,0,0.0,0,0.025949709,25949709,false,,0,
#Criteria,#Nodes,Number of execution,SelectFragments Seconds,SelectFragments Nano seconds,Composition Seconds,Composition Nano seconds,EngineSpecific Seconds,EngineSpecific Nano seconds,Experiment Seconds,Experiment Nano seconds,Model Found,Model Path,#Tried Combinations,Success Combination
2,19,0,0.301702469,301702469,0.0,0,0.0,0,0.311049498,311049498,false,,0,
3,24,0,0.014718611,14718611,0.0,0,0.0,0,0.017618688,17618688,false,,0,
#Criteria,#Nodes,Number of execution,SelectFragments Seconds,SelectFragments Nano seconds,Composition Seconds,Composition Nano seconds,EngineSpecific Seconds,EngineSpecific Nano seconds,Experiment Seconds,Experiment Nano seconds,Model Found,Model Path,#Tried Combinations,Success Combination
2,19,0,119.522731321,119522731321,0.0,0,0.0,0,119.566647964,119566647964,false,,0,
#Criteria,#Nodes,Number of execution,SelectFragments Seconds,SelectFragments Nano seconds,Composition Seconds,Composition Nano seconds,EngineSpecific Seconds,EngineSpecific Nano seconds,Experiment Seconds,Experiment Nano seconds,Model Found,Model Path,#Tried Combinations,Success Combination
2,19,0,2.43955402,2439554020,0.151289849,151289849,0.0,0,2.611449302,2611449302,true,../processsynthesis/newProcess/newProcessal5i8hji9h3mkidjm7td24rpta.bpmn2,0,
3,24,0,7.127783358,7127783358,0.055988869,55988869,0.0,0,7.188776599,7188776599,true,../processsynthesis/newProcess/newProcessm3hti1gprggm6gvlea6dsecqle.bpmn2,0,
#Criteria,#Nodes,Number of execution,SelectFragments Seconds,SelectFragments Nano seconds,Composition Seconds,Composition Nano seconds,EngineSpecific Seconds,EngineSpecific Nano seconds,Experiment Seconds,Experiment Nano seconds,Model Found,Model Path,#Tried Combinations,Success Combination
2,19,0,1.239532732,1239532732,0.0,0,0.0,0,1.2456926,1245692600,false,,0,
3,24,0,0.013472863,13472863,0.0,0,0.0,0,0.015612757,15612757,false,,0,
#Criteria,#Nodes,Number of execution,SelectFragments Seconds,SelectFragments Nano seconds,Composition Seconds,Composition Nano seconds,EngineSpecific Seconds,EngineSpecific Nano seconds,Experiment Seconds,Experiment Nano seconds,Model Found,Model Path,#Tried Combinations,Success Combination
3,19,0,1.441760939,1441760939,0.0,0,0.0,0,1.449597209,1449597209,false,,0,
3,24,0,0.015292745,15292745,0.0,0,0.0,0,0.017927273,17927273,false,,0,
#Criteria,#Nodes,Number of execution,SelectFragments Seconds,SelectFragments Nano seconds,Composition Seconds,Composition Nano seconds,EngineSpecific Seconds,EngineSpecific Nano seconds,Experiment Seconds,Experiment Nano seconds,Model Found,Model Path,#Tried Combinations,Success Combination
3,25,0,1.400706896,1400706896,0.0,0,0.0,0,1.415824563,1415824563,false,,0,
#Criteria,#Nodes,Number of execution,SelectFragments Seconds,SelectFragments Nano seconds,Composition Seconds,Composition Nano seconds,EngineSpecific Seconds,EngineSpecific Nano seconds,Experiment Seconds,Experiment Nano seconds,Model Found,Model Path,#Tried Combinations,Success Combination
3,25,0,1.442808512,1442808512,9.57811E-4,957811,0.0,0,1.45095008,1450950080,false,,0,
#Criteria,#Nodes,Number of execution,SelectFragments Seconds,SelectFragments Nano seconds,Composition Seconds,Composition Nano seconds,EngineSpecific Seconds,EngineSpecific Nano seconds,Experiment Seconds,Experiment Nano seconds,Model Found,Model Path,#Tried Combinations,Success Combination
3,25,0,1.402081863,1402081863,0.0,0,0.0,0,1.418362089,1418362089,false,,0,
#Criteria,#Nodes,Number of execution,SelectFragments Seconds,SelectFragments Nano seconds,Composition Seconds,Composition Nano seconds,EngineSpecific Seconds,EngineSpecific Nano seconds,Experiment Seconds,Experiment Nano seconds,Model Found,Model Path,#Tried Combinations,Success Combination
2,25,0,1.305964539,1305964539,0.0035497,3549700,0.0,0,1.318097213,1318097213,false,,0,
#Criteria,#Nodes,Number of execution,SelectFragments Seconds,SelectFragments Nano seconds,Composition Seconds,Composition Nano seconds,EngineSpecific Seconds,EngineSpecific Nano seconds,Experiment Seconds,Experiment Nano seconds,Model Found,Model Path,#Tried Combinations,Success Combination
2,25,0,1.314111842,1314111842,0.003313949,3313949,0.0,0,1.330507922,1330507922,false,,0,
#Criteria,#Nodes,Number of execution,SelectFragments Seconds,SelectFragments Nano seconds,Composition Seconds,Composition Nano seconds,EngineSpecific Seconds,EngineSpecific Nano seconds,Experiment Seconds,Experiment Nano seconds,Model Found,Model Path,#Tried Combinations,Success Combination
2,25,0,1.341871206,1341871206,0.0,0,0.0,0,1.359254894,1359254894,false,,0,
#Criteria,#Nodes,Number of execution,SelectFragments Seconds,SelectFragments Nano seconds,Composition Seconds,Composition Nano seconds,EngineSpecific Seconds,EngineSpecific Nano seconds,Experiment Seconds,Experiment Nano seconds,Model Found,Model Path,#Tried Combinations,Success Combination
2,25,0,1.296700671,1296700671,0.0,0,0.0,0,1.31171721,1311717210,false,,0,
#Criteria,#Nodes,Number of execution,SelectFragments Seconds,SelectFragments Nano seconds,Composition Seconds,Composition Nano seconds,EngineSpecific Seconds,EngineSpecific Nano seconds,Experiment Seconds,Experiment Nano seconds,Model Found,Model Path,#Tried Combinations,Success Combination
2,25,0,1.202497614,1202497614,0.0,0,0.0,0,1.222489371,1222489371,false,,0,
#Criteria,#Nodes,Number of execution,SelectFragments Seconds,SelectFragments Nano seconds,Composition Seconds,Composition Nano seconds,EngineSpecific Seconds,EngineSpecific Nano seconds,Experiment Seconds,Experiment Nano seconds,Model Found,Model Path,#Tried Combinations,Success Combination
2,25,0,1.277867493,1277867493,0.015015527,15015527,0.0,0,1.303109374,1303109374,false,,0,
#Criteria,#Nodes,Number of execution,SelectFragments Seconds,SelectFragments Nano seconds,Composition Seconds,Composition Nano seconds,EngineSpecific Seconds,EngineSpecific Nano seconds,Experiment Seconds,Experiment Nano seconds,Model Found,Model Path,#Tried Combinations,Success Combination
2,25,0,1.300256177,1300256177,0.001938124,1938124,0.0,0,1.322496509,1322496509,false,,0,
#Criteria,#Nodes,Number of execution,SelectFragments Seconds,SelectFragments Nano seconds,Composition Seconds,Composition Nano seconds,EngineSpecific Seconds,EngineSpecific Nano seconds,Experiment Seconds,Experiment Nano seconds,Model Found,Model Path,#Tried Combinations,Success Combination
2,25,0,1.296132773,1296132773,0.0010363,1036300,0.0,0,1.304204072,1304204072,false,,0,
#Criteria,#Nodes,Number of execution,SelectFragments Seconds,SelectFragments Nano seconds,Composition Seconds,Composition Nano seconds,EngineSpecific Seconds,EngineSpecific Nano seconds,Experiment Seconds,Experiment Nano seconds,Model Found,Model Path,#Tried Combinations,Success Combination
2,25,0,1.341348983,1341348983,0.004288243,4288243,0.0,0,1.357593622,1357593622,false,,0,
#Criteria,#Nodes,Number of execution,SelectFragments Seconds,SelectFragments Nano seconds,Composition Seconds,Composition Nano seconds,EngineSpecific Seconds,EngineSpecific Nano seconds,Experiment Seconds,Experiment Nano seconds,Model Found,Model Path,#Tried Combinations,Success Combination
2,25,0,1.425489971,1425489971,0.002583651,2583651,0.0,0,1.443243409,1443243409,false,,0,
#Criteria,#Nodes,Number of execution,SelectFragments Seconds,SelectFragments Nano seconds,Composition Seconds,Composition Nano seconds,EngineSpecific Seconds,EngineSpecific Nano seconds,Experiment Seconds,Experiment Nano seconds,Model Found,Model Path,#Tried Combinations,Success Combination
2,25,0,1.40565165,1405651650,0.001099838,1099838,0.0,0,1.423086823,1423086823,false,,0,
#Criteria,#Nodes,Number of execution,SelectFragments Seconds,SelectFragments Nano seconds,Composition Seconds,Composition Nano seconds,EngineSpecific Seconds,EngineSpecific Nano seconds,Experiment Seconds,Experiment Nano seconds,Model Found,Model Path,#Tried Combinations,Success Combination
2,25,0,1.399889262,1399889262,0.001107222,1107222,0.0,0,1.41512964,1415129640,false,,0,
#Criteria,#Nodes,Number of execution,SelectFragments Seconds,SelectFragments Nano seconds,Composition Seconds,Composition Nano seconds,EngineSpecific Seconds,EngineSpecific Nano seconds,Experiment Seconds,Experiment Nano seconds,Model Found,Model Path,#Tried Combinations,Success Combination
2,25,0,1.393390652,1393390652,0.197829761,197829761,0.0,0,1.601741317,1601741317,true,../processsynthesis/newProcess/newProcessfgadp96jb9v62n7f47u4s0qg9f.bpmn2,0,
#Criteria,#Nodes,Number of execution,SelectFragments Seconds,SelectFragments Nano seconds,Composition Seconds,Composition Nano seconds,EngineSpecific Seconds,EngineSpecific Nano seconds,Experiment Seconds,Experiment Nano seconds,Model Found,Model Path,#Tried Combinations,Success Combination
2,25,0,1.440442496,1440442496,0.197065016,197065016,0.0,0,1.647823912,1647823912,true,../processsynthesis/newProcess/newProcess11j667f85qja13h3t22st28lj5.bpmn2,0,
#Criteria,#Nodes,Number of execution,SelectFragments Seconds,SelectFragments Nano seconds,Composition Seconds,Composition Nano seconds,EngineSpecific Seconds,EngineSpecific Nano seconds,Experiment Seconds,Experiment Nano seconds,Model Found,Model Path,#Tried Combinations,Success Combination
2,25,0,1.509795881,1509795881,0.207039933,207039933,0.0,0,1.735520106,1735520106,true,../processsynthesis/newProcess/newProcessiq0cqnv8a8tum86imutlomjlf5.bpmn2,0,
#Criteria,#Nodes,Number of execution,SelectFragments Seconds,SelectFragments Nano seconds,Composition Seconds,Composition Nano seconds,EngineSpecific Seconds,EngineSpecific Nano seconds,Experiment Seconds,Experiment Nano seconds,Model Found,Model Path,#Tried Combinations,Success Combination
2,25,0,1.286170977,1286170977,0.221476839,221476839,0.0,0,1.522458354,1522458354,true,../processsynthesis/newProcess/newProcessqtrjotk6n4ud0f669agq0k85l8.bpmn2,0,
#Criteria,#Nodes,Number of execution,SelectFragments Seconds,SelectFragments Nano seconds,Composition Seconds,Composition Nano seconds,EngineSpecific Seconds,EngineSpecific Nano seconds,Experiment Seconds,Experiment Nano seconds,Model Found,Model Path,#Tried Combinations,Success Combination
2,25,0,1.379743802,1379743802,0.189415322,189415322,0.0,0,1.579868574,1579868574,true,../processsynthesis/newProcess/newProcessi6v3tkc9s2r07oa4pihahe8p8i.bpmn2,0,
#Criteria,#Nodes,Number of execution,SelectFragments Seconds,SelectFragments Nano seconds,Composition Seconds,Composition Nano seconds,EngineSpecific Seconds,EngineSpecific Nano seconds,Experiment Seconds,Experiment Nano seconds,Model Found,Model Path,#Tried Combinations,Success Combination
2,25,0,1.264453926,1264453926,0.0,0,0.0,0,1.283511428,1283511428,false,,0,
#Criteria,#Nodes,Number of execution,SelectFragments Seconds,SelectFragments Nano seconds,Composition Seconds,Composition Nano seconds,EngineSpecific Seconds,EngineSpecific Nano seconds,Experiment Seconds,Experiment Nano seconds,Model Found,Model Path,#Tried Combinations,Success Combination
2,25,0,1.344448567,1344448567,0.001168308,1168308,0.0,0,1.365593014,1365593014,false,,0,
#Criteria,#Nodes,Number of execution,SelectFragments Seconds,SelectFragments Nano seconds,Composition Seconds,Composition Nano seconds,EngineSpecific Seconds,EngineSpecific Nano seconds,Experiment Seconds,Experiment Nano seconds,Model Found,Model Path,#Tried Combinations,Success Combination
2,25,0,1.341538439,1341538439,0.0,0,0.0,0,1.362245406,1362245406,false,,0,
#Criteria,#Nodes,Number of execution,SelectFragments Seconds,SelectFragments Nano seconds,Composition Seconds,Composition Nano seconds,EngineSpecific Seconds,EngineSpecific Nano seconds,Experiment Seconds,Experiment Nano seconds,Model Found,Model Path,#Tried Combinations,Success Combination
2,25,0,1.55418543,1554185430,0.0,0,0.0,0,1.569599208,1569599208,false,,0,
#Criteria,#Nodes,Number of execution,SelectFragments Seconds,SelectFragments Nano seconds,Composition Seconds,Composition Nano seconds,EngineSpecific Seconds,EngineSpecific Nano seconds,Experiment Seconds,Experiment Nano seconds,Model Found,Model Path,#Tried Combinations,Success Combination
2,25,0,1.483959681,1483959681,0.0,0,0.0,0,1.498724775,1498724775,false,,0,
#Criteria,#Nodes,Number of execution,SelectFragments Seconds,SelectFragments Nano seconds,Composition Seconds,Composition Nano seconds,EngineSpecific Seconds,EngineSpecific Nano seconds,Experiment Seconds,Experiment Nano seconds,Model Found,Model Path,#Tried Combinations,Success Combination
2,25,0,1.176404678,1176404678,0.0,0,0.0,0,1.187291721,1187291721,false,,0,
#Criteria,#Nodes,Number of execution,SelectFragments Seconds,SelectFragments Nano seconds,Composition Seconds,Composition Nano seconds,EngineSpecific Seconds,EngineSpecific Nano seconds,Experiment Seconds,Experiment Nano seconds,Model Found,Model Path,#Tried Combinations,Success Combination
2,25,0,1.164829877,1164829877,0.0,0,0.0,0,1.171400856,1171400856,false,,0,
#Criteria,#Nodes,Number of execution,SelectFragments Seconds,SelectFragments Nano seconds,Composition Seconds,Composition Nano seconds,EngineSpecific Seconds,EngineSpecific Nano seconds,Experiment Seconds,Experiment Nano seconds,Model Found,Model Path,#Tried Combinations,Success Combination
2,25,0,1.239551733,1239551733,0.0,0,0.0,0,1.252114255,1252114255,false,,0,
#Criteria,#Nodes,Number of execution,SelectFragments Seconds,SelectFragments Nano seconds,Composition Seconds,Composition Nano seconds,EngineSpecific Seconds,EngineSpecific Nano seconds,Experiment Seconds,Experiment Nano seconds,Model Found,Model Path,#Tried Combinations,Success Combination
2,25,0,1.152788428,1152788428,0.0,0,0.0,0,1.16420918,1164209180,false,,0,
#Criteria,#Nodes,Number of execution,SelectFragments Seconds,SelectFragments Nano seconds,Composition Seconds,Composition Nano seconds,EngineSpecific Seconds,EngineSpecific Nano seconds,Experiment Seconds,Experiment Nano seconds,Model Found,Model Path,#Tried Combinations,Success Combination
2,25,0,1.114380705,1114380705,0.0,0,0.0,0,1.124338045,1124338045,false,,0,
#Criteria,#Nodes,Number of execution,SelectFragments Seconds,SelectFragments Nano seconds,Composition Seconds,Composition Nano seconds,EngineSpecific Seconds,EngineSpecific Nano seconds,Experiment Seconds,Experiment Nano seconds,Model Found,Model Path,#Tried Combinations,Success Combination
2,25,0,1.152169039,1152169039,0.0,0,0.0,0,1.165840365,1165840365,false,,0,
#Criteria,#Nodes,Number of execution,SelectFragments Seconds,SelectFragments Nano seconds,Composition Seconds,Composition Nano seconds,EngineSpecific Seconds,EngineSpecific Nano seconds,Experiment Seconds,Experiment Nano seconds,Model Found,Model Path,#Tried Combinations,Success Combination
2,25,0,1.252049542,1252049542,0.167314182,167314182,0.0,0,1.436200574,1436200574,true,../processsynthesis/newProcess/newProcessa1h77ijm24hhb03p81mh02n4qc.bpmn2,0,
#Criteria,#Nodes,Number of execution,SelectFragments Seconds,SelectFragments Nano seconds,Composition Seconds,Composition Nano seconds,EngineSpecific Seconds,EngineSpecific Nano seconds,Experiment Seconds,Experiment Nano seconds,Model Found,Model Path,#Tried Combinations,Success Combination
2,25,0,1.340321426,1340321426,0.165051624,165051624,0.0,0,1.521764341,1521764341,true,../processsynthesis/newProcess/newProcessbu3s85c0p8jnlqijuom6hdk9o4.bpmn2,0,
#Criteria,#Nodes,Number of execution,SelectFragments Seconds,SelectFragments Nano seconds,Composition Seconds,Composition Nano seconds,EngineSpecific Seconds,EngineSpecific Nano seconds,Experiment Seconds,Experiment Nano seconds,Model Found,Model Path,#Tried Combinations,Success Combination
2,25,0,2.276021002,2276021002,0.270143872,270143872,0.0,0,2.574308263,2574308263,true,../processsynthesis/newProcess/newProcesscrha8m0pja1td53g4he0328s5b.bpmn2,0,
#Criteria,#Nodes,Number of execution,SelectFragments Seconds,SelectFragments Nano seconds,Composition Seconds,Composition Nano seconds,EngineSpecific Seconds,EngineSpecific Nano seconds,Experiment Seconds,Experiment Nano seconds,Model Found,Model Path,#Tried Combinations,Success Combination
2,25,0,1.276380325,1276380325,0.180885756,180885756,0.0,0,1.46625181,1466251810,true,../processsynthesis/newProcess/newProcessqn0lt3enf1qgq17jvouv63bpo5.bpmn2,0,
#Criteria,#Nodes,Number of execution,SelectFragments Seconds,SelectFragments Nano seconds,Composition Seconds,Composition Nano seconds,EngineSpecific Seconds,EngineSpecific Nano seconds,Experiment Seconds,Experiment Nano seconds,Model Found,Model Path,#Tried Combinations,Success Combination
2,25,0,1.11852893,1118528930,0.130263905,130263905,0.0,0,1.255999721,1255999721,true,../processsynthesis/newProcess/newProcessq2ngstfs3kc7f22hgs7d7pehc1.bpmn2,0,
#Criteria,#Nodes,Number of execution,SelectFragments Seconds,SelectFragments Nano seconds,Composition Seconds,Composition Nano seconds,EngineSpecific Seconds,EngineSpecific Nano seconds,Experiment Seconds,Experiment Nano seconds,Model Found,Model Path,#Tried Combinations,Success Combination
2,25,0,1.321423032,1321423032,0.142583659,142583659,0.0,0,1.475363976,1475363976,true,../processsynthesis/newProcess/newProcessik4qoqg1bsnml5s66cn1p5fdhv.bpmn2,0,
#Criteria,#Nodes,Number of execution,SelectFragments Seconds,SelectFragments Nano seconds,Composition Seconds,Composition Nano seconds,EngineSpecific Seconds,EngineSpecific Nano seconds,Experiment Seconds,Experiment Nano seconds,Model Found,Model Path,#Tried Combinations,Success Combination
2,25,0,1.194266195,1194266195,0.0,0,0.0,0,1.201404441,1201404441,false,,0,
#Criteria,#Nodes,Number of execution,SelectFragments Seconds,SelectFragments Nano seconds,Composition Seconds,Composition Nano seconds,EngineSpecific Seconds,EngineSpecific Nano seconds,Experiment Seconds,Experiment Nano seconds,Model Found,Model Path,#Tried Combinations,Success Combination
2,25,0,1.357374992,1357374992,0.175990814,175990814,0.0,0,1.543534574,1543534574,true,../processsynthesis/newProcess/newProcess40htfpb0qj469illtkdiibj1v3.bpmn2,0,
#Criteria,#Nodes,Number of execution,SelectFragments Seconds,SelectFragments Nano seconds,Composition Seconds,Composition Nano seconds,EngineSpecific Seconds,EngineSpecific Nano seconds,Experiment Seconds,Experiment Nano seconds,Model Found,Model Path,#Tried Combinations,Success Combination
2,25,0,1.304228232,1304228232,0.0,0,0.0,0,1.318646059,1318646059,false,,0,
#Criteria,#Nodes,Number of execution,SelectFragments Seconds,SelectFragments Nano seconds,Composition Seconds,Composition Nano seconds,EngineSpecific Seconds,EngineSpecific Nano seconds,Experiment Seconds,Experiment Nano seconds,Model Found,Model Path,#Tried Combinations,Success Combination
2,25,0,1.316490017,1316490017,0.176484152,176484152,0.0,0,1.514004178,1514004178,true,../processsynthesis/newProcess/newProcessbcfctlf76sbcs4pet2cebgiifl.bpmn2,0,
#Criteria,#Nodes,Number of execution,SelectFragments Seconds,SelectFragments Nano seconds,Composition Seconds,Composition Nano seconds,EngineSpecific Seconds,EngineSpecific Nano seconds,Experiment Seconds,Experiment Nano seconds,Model Found,Model Path,#Tried Combinations,Success Combination
2,25,0,1.258948309,1258948309,0.003287466,3287466,0.0,0,1.279747326,1279747326,false,,0,
#Criteria,#Nodes,Number of execution,SelectFragments Seconds,SelectFragments Nano seconds,Composition Seconds,Composition Nano seconds,EngineSpecific Seconds,EngineSpecific Nano seconds,Experiment Seconds,Experiment Nano seconds,Model Found,Model Path,#Tried Combinations,Success Combination
2,25,0,1.354002521,1354002521,0.182635074,182635074,0.0,0,1.548759289,1548759289,true,../processsynthesis/newProcess/newProcessh276mortugomndba3q7i2dvpfe.bpmn2,0,
#Criteria,#Nodes,Number of execution,SelectFragments Seconds,SelectFragments Nano seconds,Composition Seconds,Composition Nano seconds,EngineSpecific Seconds,EngineSpecific Nano seconds,Experiment Seconds,Experiment Nano seconds,Model Found,Model Path,#Tried Combinations,Success Combination
2,25,0,1.414090867,1414090867,0.001405187,1405187,0.0,0,1.429073731,1429073731,false,,0,
#Criteria,#Nodes,Number of execution,SelectFragments Seconds,SelectFragments Nano seconds,Composition Seconds,Composition Nano seconds,EngineSpecific Seconds,EngineSpecific Nano seconds,Experiment Seconds,Experiment Nano seconds,Model Found,Model Path,#Tried Combinations,Success Combination
2,25,0,0.322499038,322499038,0.0,0,0.0,0,0.332678173,332678173,false,,0,
#Criteria,#Nodes,Number of execution,SelectFragments Seconds,SelectFragments Nano seconds,Composition Seconds,Composition Nano seconds,EngineSpecific Seconds,EngineSpecific Nano seconds,Experiment Seconds,Experiment Nano seconds,Model Found,Model Path,#Tried Combinations,Success Combination
2,25,0,1.174883597,1174883597,0.16703156,167031560,0.0,0,1.351947279,1351947279,true,../processsynthesis/newProcess/newProcessgmfvq5eie2b2nlp5647q4u4ctm.bpmn2,0,
#Criteria,#Nodes,Number of execution,SelectFragments Seconds,SelectFragments Nano seconds,Composition Seconds,Composition Nano seconds,EngineSpecific Seconds,EngineSpecific Nano seconds,Experiment Seconds,Experiment Nano seconds,Model Found,Model Path,#Tried Combinations,Success Combination
2,25,0,1.244990803,1244990803,0.192324381,192324381,0.0,0,1.449727874,1449727874,true,../processsynthesis/newProcess/newProcesss1m9ujlahriiofh54igq5vtpho.bpmn2,0,
#Criteria,#Nodes,Number of execution,SelectFragments Seconds,SelectFragments Nano seconds,Composition Seconds,Composition Nano seconds,EngineSpecific Seconds,EngineSpecific Nano seconds,Experiment Seconds,Experiment Nano seconds,Model Found,Model Path,#Tried Combinations,Success Combination
2,25,0,1.373915443,1373915443,0.119811895,119811895,0.0,0,1.502852271,1502852271,true,../processsynthesis/newProcess/newProcess4ni3kbg885svrka778rthjmu8m.bpmn2,0,
#Criteria,#Nodes,Number of execution,SelectFragments Seconds,SelectFragments Nano seconds,Composition Seconds,Composition Nano seconds,EngineSpecific Seconds,EngineSpecific Nano seconds,Experiment Seconds,Experiment Nano seconds,Model Found,Model Path,#Tried Combinations,Success Combination
2,25,0,1.277602793,1277602793,0.199219526,199219526,0.0,0,1.488300065,1488300065,true,../processsynthesis/newProcess/newProcessbq3kvh5otli8oie9lgip77lslo.bpmn2,0,
#Criteria,#Nodes,Number of execution,SelectFragments Seconds,SelectFragments Nano seconds,Composition Seconds,Composition Nano seconds,EngineSpecific Seconds,EngineSpecific Nano seconds,Experiment Seconds,Experiment Nano seconds,Model Found,Model Path,#Tried Combinations,Success Combination
2,25,0,1.235096121,1235096121,0.242080038,242080038,0.0,0,1.488714134,1488714134,true,../processsynthesis/newProcess/newProcessirubeihank4rg8dvn0ff5c7ak3.bpmn2,0,
#Criteria,#Nodes,Number of execution,SelectFragments Seconds,SelectFragments Nano seconds,Composition Seconds,Composition Nano seconds,EngineSpecific Seconds,EngineSpecific Nano seconds,Experiment Seconds,Experiment Nano seconds,Model Found,Model Path,#Tried Combinations,Success Combination
2,25,0,1.216226507,1216226507,0.159265344,159265344,0.0,0,1.38615388,1386153880,true,../processsynthesis/newProcess/newProcesss56m8kedt411n0sd6ij9avvd16.bpmn2,0,
#Criteria,#Nodes,Number of execution,SelectFragments Seconds,SelectFragments Nano seconds,Composition Seconds,Composition Nano seconds,EngineSpecific Seconds,EngineSpecific Nano seconds,Experiment Seconds,Experiment Nano seconds,Model Found,Model Path,#Tried Combinations,Success Combination
2,25,0,1.607333931,1607333931,61.494833376,61494833376,0.0,0,63.117295496,63117295496,true,../processsynthesis/newProcess/newProcess8cpq2dj3imbskcg231g3leq90i.bpmn2,0,
#Criteria,#Nodes,Number of execution,SelectFragments Seconds,SelectFragments Nano seconds,Composition Seconds,Composition Nano seconds,EngineSpecific Seconds,EngineSpecific Nano seconds,Experiment Seconds,Experiment Nano seconds,Model Found,Model Path,#Tried Combinations,Success Combination
2,25,0,1.271704869,1271704869,0.192041397,192041397,0.0,0,1.473408598,1473408598,true,../processsynthesis/newProcess/newProcess8hj78n219290kapbnlvn6umaf4.bpmn2,0,
#Criteria,#Nodes,Number of execution,SelectFragments Seconds,SelectFragments Nano seconds,Composition Seconds,Composition Nano seconds,EngineSpecific Seconds,EngineSpecific Nano seconds,Experiment Seconds,Experiment Nano seconds,Model Found,Model Path,#Tried Combinations,Success Combination
2,25,0,1.274311937,1274311937,0.206625358,206625358,0.0,0,1.502269198,1502269198,true,../processsynthesis/newProcess/newProcessiqeu4fvsnoo7j2ifi3clg2tgsu.bpmn2,0,
3,24,0,0.012208967,12208967,0.0,0,0.0,0,0.015436478,15436478,false,,0,
#Criteria,#Nodes,Number of execution,SelectFragments Seconds,SelectFragments Nano seconds,Composition Seconds,Composition Nano seconds,EngineSpecific Seconds,EngineSpecific Nano seconds,Experiment Seconds,Experiment Nano seconds,Model Found,Model Path,#Tried Combinations,Success Combination
2,25,0,1.232736358,1232736358,0.174910543,174910543,0.0,0,1.422502334,1422502334,true,../processsynthesis/newProcess/newProcessi3hnvkj1k5749tuihp285sj7k6.bpmn2,0,
2,24,0,0.021873762,21873762,0.0,0,0.0,0,0.024300952,24300952,false,,0,
#Criteria,#Nodes,Number of execution,SelectFragments Seconds,SelectFragments Nano seconds,Composition Seconds,Composition Nano seconds,EngineSpecific Seconds,EngineSpecific Nano seconds,Experiment Seconds,Experiment Nano seconds,Model Found,Model Path,#Tried Combinations,Success Combination
2,25,0,1.272845429,1272845429,0.177045962,177045962,0.0,0,1.464900742,1464900742,true,../processsynthesis/newProcess/newProcess36mg5danm2dm3ttl8kqe656h9b.bpmn2,0,
2,24,0,0.052431312,52431312,0.066241504,66241504,0.0,0,0.121584382,121584382,true,../processsynthesis/newProcess/newProcessto93mfs45g2hc9fenbmh059nf4.bpmn2,0,
#Criteria,#Nodes,Number of execution,SelectFragments Seconds,SelectFragments Nano seconds,Composition Seconds,Composition Nano seconds,EngineSpecific Seconds,EngineSpecific Nano seconds,Experiment Seconds,Experiment Nano seconds,Model Found,Model Path,#Tried Combinations,Success Combination
2,25,0,1.187737807,1187737807,0.145642634,145642634,0.0,0,1.339656742,1339656742,true,../processsynthesis/newProcess/newProcesshpcc83bvub32pnlqtfi63mjntu.bpmn2,0,
2,24,0,0.080551578,80551578,0.104237676,104237676,0.0,0,0.187174681,187174681,true,../processsynthesis/newProcess/newProcesslgb3df89v79j8l7s747dtknouo.bpmn2,0,
#Criteria,#Nodes,Number of execution,SelectFragments Seconds,SelectFragments Nano seconds,Composition Seconds,Composition Nano seconds,EngineSpecific Seconds,EngineSpecific Nano seconds,Experiment Seconds,Experiment Nano seconds,Model Found,Model Path,#Tried Combinations,Success Combination
2,25,0,1.399873916,1399873916,0.141389271,141389271,0.0,0,1.550388811,1550388811,true,../processsynthesis/newProcess/newProcessdd6adqbb7unltbpic5tpe5meg7.bpmn2,0,
2,24,0,0.0364267,36426700,0.0,0,0.0,0,0.038836734,38836734,false,,0,
#Criteria,#Nodes,Number of execution,SelectFragments Seconds,SelectFragments Nano seconds,Composition Seconds,Composition Nano seconds,EngineSpecific Seconds,EngineSpecific Nano seconds,Experiment Seconds,Experiment Nano seconds,Model Found,Model Path,#Tried Combinations,Success Combination
2,25,0,1.23984267,1239842670,0.193346058,193346058,0.0,0,1.445103358,1445103358,true,../processsynthesis/newProcess/newProcessa1ellsvq9d5khgl5rg9vuv3ka9.bpmn2,0,
2,24,0,0.01727105,17271050,0.0,0,0.0,0,0.019490723,19490723,false,,0,
#Criteria,#Nodes,Number of execution,SelectFragments Seconds,SelectFragments Nano seconds,Composition Seconds,Composition Nano seconds,EngineSpecific Seconds,EngineSpecific Nano seconds,Experiment Seconds,Experiment Nano seconds,Model Found,Model Path,#Tried Combinations,Success Combination
2,25,0,1.237281263,1237281263,0.182687828,182687828,0.0,0,1.437541849,1437541849,true,../processsynthesis/newProcess/newProcessu4261vg7sr4v14dri52rf4sqrd.bpmn2,0,
2,24,0,0.023420564,23420564,0.0,0,0.0,0,0.026522232,26522232,false,,0,
#Criteria,#Nodes,Number of execution,SelectFragments Seconds,SelectFragments Nano seconds,Composition Seconds,Composition Nano seconds,EngineSpecific Seconds,EngineSpecific Nano seconds,Experiment Seconds,Experiment Nano seconds,Model Found,Model Path,#Tried Combinations,Success Combination
2,25,0,1.267088824,1267088824,0.179365153,179365153,0.0,0,1.457351828,1457351828,true,../processsynthesis/newProcess/newProcessnsjlv2sbh6htse60gn1bqtrcqo.bpmn2,0,
2,24,0,0.047259634,47259634,0.066403303,66403303,0.0,0,0.116376851,116376851,true,../processsynthesis/newProcess/newProcess88904suqu5p6ulnsm19hnfldbj.bpmn2,0,
#Criteria,#Nodes,Number of execution,SelectFragments Seconds,SelectFragments Nano seconds,Composition Seconds,Composition Nano seconds,EngineSpecific Seconds,EngineSpecific Nano seconds,Experiment Seconds,Experiment Nano seconds,Model Found,Model Path,#Tried Combinations,Success Combination
2,25,0,1.341965834,1341965834,0.199325655,199325655,0.0,0,1.564870738,1564870738,true,../processsynthesis/newProcess/newProcess7nkmj7cmnok818aije373sakek.bpmn2,0,
2,24,0,0.065998322,65998322,0.093931353,93931353,0.0,0,0.162894034,162894034,true,../processsynthesis/newProcess/newProcess1seot6ms6uaee7dd93ur4p1cfp.bpmn2,0,
#Criteria,#Nodes,Number of execution,SelectFragments Seconds,SelectFragments Nano seconds,Composition Seconds,Composition Nano seconds,EngineSpecific Seconds,EngineSpecific Nano seconds,Experiment Seconds,Experiment Nano seconds,Model Found,Model Path,#Tried Combinations,Success Combination
2,25,0,1.436966022,1436966022,0.156961029,156961029,0.0,0,1.608055335,1608055335,true,../processsynthesis/newProcess/newProcessj56f73mdu24o5g2fvo4rqd115t.bpmn2,0,
2,24,0,0.027422779,27422779,0.0,0,0.0,0,0.029891001,29891001,false,,0,
#Criteria,#Nodes,Number of execution,SelectFragments Seconds,SelectFragments Nano seconds,Composition Seconds,Composition Nano seconds,EngineSpecific Seconds,EngineSpecific Nano seconds,Experiment Seconds,Experiment Nano seconds,Model Found,Model Path,#Tried Combinations,Success Combination
2,25,0,1.298220453,1298220453,0.197075985,197075985,0.0,0,1.503792243,1503792243,true,../processsynthesis/newProcess/newProcesse2v144eok3815v8e1vemo6vutg.bpmn2,0,
2,24,0,0.046614658,46614658,0.0,0,0.0,0,0.048737771,48737771,false,,0,
#Criteria,#Nodes,Number of execution,SelectFragments Seconds,SelectFragments Nano seconds,Composition Seconds,Composition Nano seconds,EngineSpecific Seconds,EngineSpecific Nano seconds,Experiment Seconds,Experiment Nano seconds,Model Found,Model Path,#Tried Combinations,Success Combination
2,25,0,1.168178843,1168178843,0.204445475,204445475,0.0,0,1.38611497,1386114970,true,../processsynthesis/newProcess/newProcesshtd2tg6th0q64ialkb9e2eppr.bpmn2,0,
2,24,0,0.01496433,14964330,0.0,0,0.0,0,0.017161438,17161438,false,,0,
#Criteria,#Nodes,Number of execution,SelectFragments Seconds,SelectFragments Nano seconds,Composition Seconds,Composition Nano seconds,EngineSpecific Seconds,EngineSpecific Nano seconds,Experiment Seconds,Experiment Nano seconds,Model Found,Model Path,#Tried Combinations,Success Combination
2,25,0,1.362764558,1362764558,0.138509847,138509847,0.0,0,1.511740683,1511740683,true,../processsynthesis/newProcess/newProcessdifofqqqscn93k609vmcuvphuu.bpmn2,0,
2,24,0,0.066967456,66967456,0.137371754,137371754,0.0,0,0.20709595,207095950,true,../processsynthesis/newProcess/newProcesshbpoclcq352dvc0i47h5klsv48.bpmn2,0,
#Criteria,#Nodes,Number of execution,SelectFragments Seconds,SelectFragments Nano seconds,Composition Seconds,Composition Nano seconds,EngineSpecific Seconds,EngineSpecific Nano seconds,Experiment Seconds,Experiment Nano seconds,Model Found,Model Path,#Tried Combinations,Success Combination
2,25,0,1.177387205,1177387205,0.17223099,172230990,0.0,0,1.359500903,1359500903,true,../processsynthesis/newProcess/newProcessa2cst7qgv0daug5jh7hetdsdtk.bpmn2,0,
2,24,0,0.077424286,77424286,0.118681914,118681914,0.0,0,0.198338223,198338223,true,../processsynthesis/newProcess/newProcessgsodvb3r4rqm2c2mi6itfuhjlc.bpmn2,0,
#Criteria,#Nodes,Number of execution,SelectFragments Seconds,SelectFragments Nano seconds,Composition Seconds,Composition Nano seconds,EngineSpecific Seconds,EngineSpecific Nano seconds,Experiment Seconds,Experiment Nano seconds,Model Found,Model Path,#Tried Combinations,Success Combination
2,25,0,1.314313703,1314313703,0.159836289,159836289,0.0,0,1.480957167,1480957167,true,../processsynthesis/newProcess/newProcess5r1fvgj5654ucrau6b2mbru880.bpmn2,0,
2,24,0,0.056484714,56484714,0.093759849,93759849,0.0,0,0.152398604,152398604,true,../processsynthesis/newProcess/newProcessjfiq2curpvnpqe63tho6e9bi4p.bpmn2,0,
#Criteria,#Nodes,Number of execution,SelectFragments Seconds,SelectFragments Nano seconds,Composition Seconds,Composition Nano seconds,EngineSpecific Seconds,EngineSpecific Nano seconds,Experiment Seconds,Experiment Nano seconds,Model Found,Model Path,#Tried Combinations,Success Combination
2,25,0,1.477765782,1477765782,0.155596634,155596634,0.0,0,1.644096616,1644096616,true,../processsynthesis/newProcess/newProcessib79pgsm94uhgrsbfij3651lds.bpmn2,0,
2,24,0,0.06674404,66744040,0.117740476,117740476,0.0,0,0.186722571,186722571,true,../processsynthesis/newProcess/newProcessg3sebjkcn308pfsmdaqv59r1m9.bpmn2,0,
#Criteria,#Nodes,Number of execution,SelectFragments Seconds,SelectFragments Nano seconds,Composition Seconds,Composition Nano seconds,EngineSpecific Seconds,EngineSpecific Nano seconds,Experiment Seconds,Experiment Nano seconds,Model Found,Model Path,#Tried Combinations,Success Combination
2,25,0,1.596522707,1596522707,0.214703363,214703363,0.0,0,1.822605514,1822605514,true,../processsynthesis/newProcess/newProcess4ogdmoivf9ubcpj49rb8q1h6v5.bpmn2,0,
2,24,0,0.076476041,76476041,0.148206197,148206197,0.0,0,0.229388949,229388949,true,../processsynthesis/newProcess/newProcess4gti9cp8li5t7vd85dlfft2voj.bpmn2,0,
#Criteria,#Nodes,Number of execution,SelectFragments Seconds,SelectFragments Nano seconds,Composition Seconds,Composition Nano seconds,EngineSpecific Seconds,EngineSpecific Nano seconds,Experiment Seconds,Experiment Nano seconds,Model Found,Model Path,#Tried Combinations,Success Combination
2,25,0,1.556617205,1556617205,0.151972043,151972043,0.0,0,1.723184046,1723184046,true,../processsynthesis/newProcess/newProcessnj0tksbgfk04jk73neae0frqch.bpmn2,0,
2,24,0,0.124048616,124048616,0.121929524,121929524,0.0,0,0.248628259,248628259,true,../processsynthesis/newProcess/newProcessmtdupfgcaqp8r38m7uilje4sh6.bpmn2,0,
#Criteria,#Nodes,Number of execution,SelectFragments Seconds,SelectFragments Nano seconds,Composition Seconds,Composition Nano seconds,EngineSpecific Seconds,EngineSpecific Nano seconds,Experiment Seconds,Experiment Nano seconds,Model Found,Model Path,#Tried Combinations,Success Combination
2,25,0,1.426104459,1426104459,0.173979323,173979323,0.0,0,1.612959941,1612959941,true,../processsynthesis/newProcess/newProcessr9fg4ntvnscjnf43ruog85tlkf.bpmn2,0,
2,24,0,0.07166436,71664360,0.155200679,155200679,0.0,0,0.230633486,230633486,true,../processsynthesis/newProcess/newProcess39m3fce7qhmkdqgpcbqhn5c0kk.bpmn2,0,
#Criteria,#Nodes,Number of execution,SelectFragments Seconds,SelectFragments Nano seconds,Composition Seconds,Composition Nano seconds,EngineSpecific Seconds,EngineSpecific Nano seconds,Experiment Seconds,Experiment Nano seconds,Model Found,Model Path,#Tried Combinations,Success Combination
2,25,0,1.425412407,1425412407,0.17158847,171588470,0.0,0,1.61443749,1614437490,true,../processsynthesis/newProcess/newProcess206fqgfsiufckod20ithv1lf4p.bpmn2,0,
2,24,0,0.11557999,115579990,0.13219676,132196760,0.0,0,0.250067034,250067034,true,../processsynthesis/newProcess/newProcessjugkktt776njk9nlvhbuhs5pn1.bpmn2,0,
#Criteria,#Nodes,Number of execution,SelectFragments Seconds,SelectFragments Nano seconds,Composition Seconds,Composition Nano seconds,EngineSpecific Seconds,EngineSpecific Nano seconds,Experiment Seconds,Experiment Nano seconds,Model Found,Model Path,#Tried Combinations,Success Combination
2,25,0,1.401315769,1401315769,0.152113069,152113069,0.0,0,1.562216482,1562216482,true,../processsynthesis/newProcess/newProcesshe253brrei0bsm233q2flekosb.bpmn2,0,
2,24,0,0.09523078,95230780,0.137923916,137923916,0.0,0,0.236192463,236192463,true,../processsynthesis/newProcess/newProcessk17rcn6ic9bm6bjs31ashhilf3.bpmn2,0,
#Criteria,#Nodes,Number of execution,SelectFragments Seconds,SelectFragments Nano seconds,Composition Seconds,Composition Nano seconds,EngineSpecific Seconds,EngineSpecific Nano seconds,Experiment Seconds,Experiment Nano seconds,Model Found,Model Path,#Tried Combinations,Success Combination
2,25,0,1.268367208,1268367208,0.219627521,219627521,0.0,0,1.496577012,1496577012,true,../processsynthesis/newProcess/newProcessv3pt3k17eakracngq78kju90tk.bpmn2,0,
2,24,0,0.071161014,71161014,0.126221807,126221807,0.0,0,0.199804408,199804408,true,../processsynthesis/newProcess/newProcessqcgdjvdhnm97c7ksvdijm43umg.bpmn2,0,
#Criteria,#Nodes,Number of execution,SelectFragments Seconds,SelectFragments Nano seconds,Composition Seconds,Composition Nano seconds,EngineSpecific Seconds,EngineSpecific Nano seconds,Experiment Seconds,Experiment Nano seconds,Model Found,Model Path,#Tried Combinations,Success Combination
2,25,0,1.360784509,1360784509,0.18187789,181877890,0.0,0,1.548718735,1548718735,true,../processsynthesis/newProcess/newProcessh17bsgn5l7nfb06oku3kmcvfcj.bpmn2,0,
2,24,0,0.055836047,55836047,0.140435348,140435348,0.0,0,0.198468523,198468523,true,../processsynthesis/newProcess/newProcessk4b09tu4oq23jbg4jkcg9d6jng.bpmn2,0,
#Criteria,#Nodes,Number of execution,SelectFragments Seconds,SelectFragments Nano seconds,Composition Seconds,Composition Nano seconds,EngineSpecific Seconds,EngineSpecific Nano seconds,Experiment Seconds,Experiment Nano seconds,Model Found,Model Path,#Tried Combinations,Success Combination
2,25,0,1.54378042,1543780420,0.184411889,184411889,0.0,0,1.737374237,1737374237,true,../processsynthesis/newProcess/newProcessno0c4sg9pbo77lcc1s12rjie45.bpmn2,0,
2,24,0,0.066856316,66856316,0.09647401,96474010,0.0,0,0.165833989,165833989,true,../processsynthesis/newProcess/newProcesshholvi8p79u6uk59nos9cjf0ng.bpmn2,0,
#Criteria,#Nodes,Number of execution,SelectFragments Seconds,SelectFragments Nano seconds,Composition Seconds,Composition Nano seconds,EngineSpecific Seconds,EngineSpecific Nano seconds,Experiment Seconds,Experiment Nano seconds,Model Found,Model Path,#Tried Combinations,Success Combination
2,25,0,1.372853493,1372853493,0.181248318,181248318,0.0,0,1.563321617,1563321617,true,../processsynthesis/newProcess/newProcessekt3tkl2q3vr4n986t3ho4tmog.bpmn2,0,
2,24,0,0.129802237,129802237,0.14950338,149503380,0.0,0,0.281663243,281663243,true,../processsynthesis/newProcess/newProcessns0gvr2ikcn1bq4qdee8hnc4u9.bpmn2,0,
#Criteria,#Nodes,Number of execution,SelectFragments Seconds,SelectFragments Nano seconds,Composition Seconds,Composition Nano seconds,EngineSpecific Seconds,EngineSpecific Nano seconds,Experiment Seconds,Experiment Nano seconds,Model Found,Model Path,#Tried Combinations,Success Combination
2,25,0,1.369637484,1369637484,0.183615185,183615185,0.0,0,1.566458535,1566458535,true,../processsynthesis/newProcess/newProcessgi5l59l6ppt3jldos1h25g0ft3.bpmn2,0,
2,24,0,0.048765796,48765796,0.088388818,88388818,0.0,0,0.139329433,139329433,true,../processsynthesis/newProcess/newProcess9uuclrnvlpt1mu00g18g3rbmpg.bpmn2,0,
#Criteria,#Nodes,Number of execution,SelectFragments Seconds,SelectFragments Nano seconds,Composition Seconds,Composition Nano seconds,EngineSpecific Seconds,EngineSpecific Nano seconds,Experiment Seconds,Experiment Nano seconds,Model Found,Model Path,#Tried Combinations,Success Combination
2,25,0,1.202892477,1202892477,0.278585054,278585054,0.0,0,1.493473223,1493473223,true,../processsynthesis/newProcess/newProcessgfkemobmublvfeni4uipuq29an.bpmn2,0,
2,24,0,0.124087339,124087339,0.226060386,226060386,0.0,0,0.352956227,352956227,true,../processsynthesis/newProcess/newProcessab7rsk6c0tmasatqi20dlr5q1m.bpmn2,0,
#Criteria,#Nodes,Number of execution,SelectFragments Seconds,SelectFragments Nano seconds,Composition Seconds,Composition Nano seconds,EngineSpecific Seconds,EngineSpecific Nano seconds,Experiment Seconds,Experiment Nano seconds,Model Found,Model Path,#Tried Combinations,Success Combination
2,25,0,1.580365371,1580365371,0.152165593,152165593,0.0,0,1.741423179,1741423179,true,../processsynthesis/newProcess/newProcessbijjjm07jm3gv10j4u9pqmqe3d.bpmn2,0,
2,24,0,0.063717914,63717914,0.150508468,150508468,0.0,0,0.216248859,216248859,true,../processsynthesis/newProcess/newProcessmg9h4ad09tq65uqmkcqqu7a31v.bpmn2,0,
#Criteria,#Nodes,Number of execution,SelectFragments Seconds,SelectFragments Nano seconds,Composition Seconds,Composition Nano seconds,EngineSpecific Seconds,EngineSpecific Nano seconds,Experiment Seconds,Experiment Nano seconds,Model Found,Model Path,#Tried Combinations,Success Combination
2,25,0,1.328604217,1328604217,0.157843786,157843786,0.0,0,1.494681527,1494681527,true,../processsynthesis/newProcess/newProcesshcb9omvjmcjvbomde96hsmj3db.bpmn2,0,
2,24,0,0.086556346,86556346,0.10887841,108878410,0.0,0,0.197872438,197872438,true,../processsynthesis/newProcess/newProcessj0tha6b6s98u10s91nafk90gvu.bpmn2,0,
#Criteria,#Nodes,Number of execution,SelectFragments Seconds,SelectFragments Nano seconds,Composition Seconds,Composition Nano seconds,EngineSpecific Seconds,EngineSpecific Nano seconds,Experiment Seconds,Experiment Nano seconds,Model Found,Model Path,#Tried Combinations,Success Combination
2,25,0,1.246529995,1246529995,0.198711564,198711564,0.0,0,1.458827973,1458827973,true,../processsynthesis/newProcess/newProcess35m0gjsjjl78gi5ugusfe79lld.bpmn2,0,
2,24,0,0.100006736,100006736,0.12800854,128008540,0.0,0,0.230475796,230475796,true,../processsynthesis/newProcess/newProcesslhqkrrjlac1fepuf7md4670qcg.bpmn2,0,
#Criteria,#Nodes,Number of execution,SelectFragments Seconds,SelectFragments Nano seconds,Composition Seconds,Composition Nano seconds,EngineSpecific Seconds,EngineSpecific Nano seconds,Experiment Seconds,Experiment Nano seconds,Model Found,Model Path,#Tried Combinations,Success Combination
2,25,0,1.286252852,1286252852,0.225401979,225401979,0.0,0,1.521171719,1521171719,true,../processsynthesis/newProcess/newProcessu8kad2a9tfb9ktvfcsg4lqueu4.bpmn2,0,
2,24,0,0.057407844,57407844,0.129572519,129572519,0.0,0,0.189178575,189178575,true,../processsynthesis/newProcess/newProcessni01e72eh2hmkl2lfngsm603do.bpmn2,0,
#Criteria,#Nodes,Number of execution,SelectFragments Seconds,SelectFragments Nano seconds,Composition Seconds,Composition Nano seconds,EngineSpecific Seconds,EngineSpecific Nano seconds,Experiment Seconds,Experiment Nano seconds,Model Found,Model Path,#Tried Combinations,Success Combination
2,25,0,1.25210908,1252109080,0.230183844,230183844,0.0,0,1.496616214,1496616214,true,../processsynthesis/newProcess/newProcesse1v56stm0ec4uh3k2bk8qou264.bpmn2,0,
2,24,0,0.088082813,88082813,0.127897014,127897014,0.0,0,0.218263615,218263615,true,../processsynthesis/newProcess/newProcess8oold6am3gvlnjkomrorkrvq0c.bpmn2,0,
#Criteria,#Nodes,Number of execution,SelectFragments Seconds,SelectFragments Nano seconds,Composition Seconds,Composition Nano seconds,EngineSpecific Seconds,EngineSpecific Nano seconds,Experiment Seconds,Experiment Nano seconds,Model Found,Model Path,#Tried Combinations,Success Combination
2,25,0,1.213263225,1213263225,0.188604772,188604772,0.0,0,1.408931195,1408931195,true,../processsynthesis/newProcess/newProcess2027nlss9nki9ikrka1pfj9sdi.bpmn2,0,
2,24,0,0.050932745,50932745,0.131772398,131772398,0.0,0,0.185397025,185397025,true,../processsynthesis/newProcess/newProcess2p98qoo6nii7hi07kremjpqpa1.bpmn2,0,
#Criteria,#Nodes,Number of execution,SelectFragments Seconds,SelectFragments Nano seconds,Composition Seconds,Composition Nano seconds,EngineSpecific Seconds,EngineSpecific Nano seconds,Experiment Seconds,Experiment Nano seconds,Model Found,Model Path,#Tried Combinations,Success Combination
2,25,0,1.244911202,1244911202,0.198592672,198592672,0.0,0,1.457414311,1457414311,true,../processsynthesis/newProcess/newProcessaj177jj5kq8dvi8dpbfb8779af.bpmn2,0,
2,24,0,0.104517418,104517418,0.09909302,99093020,0.0,0,0.205782169,205782169,true,../processsynthesis/newProcess/newProcessjc077dbr34o6lkrdm1mk4ij122.bpmn2,0,
#Criteria,#Nodes,Number of execution,SelectFragments Seconds,SelectFragments Nano seconds,Composition Seconds,Composition Nano seconds,EngineSpecific Seconds,EngineSpecific Nano seconds,Experiment Seconds,Experiment Nano seconds,Model Found,Model Path,#Tried Combinations,Success Combination
2,25,0,1.47735499,1477354990,0.302132787,302132787,0.0,0,1.794040735,1794040735,true,../processsynthesis/newProcess/newProcesse661ovn3re9mtgrnqq88ev298v.bpmn2,0,
2,24,0,0.088146167,88146167,0.130104098,130104098,0.0,0,0.227221446,227221446,true,../processsynthesis/newProcess/newProcesssu7sceedieaivvanc3vd99nj0v.bpmn2,0,
#Criteria,#Nodes,Number of execution,SelectFragments Seconds,SelectFragments Nano seconds,Composition Seconds,Composition Nano seconds,EngineSpecific Seconds,EngineSpecific Nano seconds,Experiment Seconds,Experiment Nano seconds,Model Found,Model Path,#Tried Combinations,Success Combination
2,25,0,1.239785223,1239785223,0.190486866,190486866,0.0,0,1.446604949,1446604949,true,../processsynthesis/newProcess/newProcesslaug7hat7hn4olqjrlssgkpk9e.bpmn2,0,
2,24,0,0.079246305,79246305,0.11258548,112585480,0.0,0,0.19404156,194041560,true,../processsynthesis/newProcess/newProcesssie91mnoj4afaao1fmc8ogu5ub.bpmn2,0,
#Criteria,#Nodes,Number of execution,SelectFragments Seconds,SelectFragments Nano seconds,Composition Seconds,Composition Nano seconds,EngineSpecific Seconds,EngineSpecific Nano seconds,Experiment Seconds,Experiment Nano seconds,Model Found,Model Path,#Tried Combinations,Success Combination
2,25,0,1.585022904,1585022904,0.159215059,159215059,0.0,0,1.753426054,1753426054,true,../processsynthesis/newProcess/newProcesspuo5jifvgc61p882dvfb4tos00.bpmn2,0,
2,24,0,0.078137752,78137752,0.126086275,126086275,0.0,0,0.206805679,206805679,true,../processsynthesis/newProcess/newProcesso6cb8gvr7bbvfi7pg8ehjsfn1j.bpmn2,0,
#Criteria,#Nodes,Number of execution,SelectFragments Seconds,SelectFragments Nano seconds,Composition Seconds,Composition Nano seconds,EngineSpecific Seconds,EngineSpecific Nano seconds,Experiment Seconds,Experiment Nano seconds,Model Found,Model Path,#Tried Combinations,Success Combination
2,25,0,1.185277052,1185277052,0.193977834,193977834,0.0,0,1.388925165,1388925165,true,../processsynthesis/newProcess/newProcesscn038vibvoiqlpv0i7e154eqtg.bpmn2,0,
2,24,0,0.116091688,116091688,0.146930183,146930183,0.0,0,0.265166029,265166029,true,../processsynthesis/newProcess/newProcessg872dsgc3ttrk7431hn9pgpajh.bpmn2,0,
#Criteria,#Nodes,Number of execution,SelectFragments Seconds,SelectFragments Nano seconds,Composition Seconds,Composition Nano seconds,EngineSpecific Seconds,EngineSpecific Nano seconds,Experiment Seconds,Experiment Nano seconds,Model Found,Model Path,#Tried Combinations,Success Combination
2,25,0,1.215686957,1215686957,0.183744201,183744201,0.0,0,1.412460241,1412460241,true,../processsynthesis/newProcess/newProcesshf6fj44j5g8r8htmrsb8a1kc65.bpmn2,0,
2,24,0,0.077785245,77785245,0.148467602,148467602,0.0,0,0.230474856,230474856,true,../processsynthesis/newProcess/newProcessidjaa0pv7c4tqfbogue3ebrvr4.bpmn2,0,
#Criteria,#Nodes,Number of execution,SelectFragments Seconds,SelectFragments Nano seconds,Composition Seconds,Composition Nano seconds,EngineSpecific Seconds,EngineSpecific Nano seconds,Experiment Seconds,Experiment Nano seconds,Model Found,Model Path,#Tried Combinations,Success Combination
2,25,0,1.23316343,1233163430,0.190790402,190790402,0.0,0,1.435337036,1435337036,true,../processsynthesis/newProcess/newProcessear361rg3q7g8s86vvp0e7m50n.bpmn2,0,
2,24,0,0.088996692,88996692,0.169261682,169261682,0.0,0,0.260561445,260561445,true,../processsynthesis/newProcess/newProcessr06aoaikn079bjqd2d434g86a5.bpmn2,0,
#Criteria,#Nodes,Number of execution,SelectFragments Seconds,SelectFragments Nano seconds,Composition Seconds,Composition Nano seconds,EngineSpecific Seconds,EngineSpecific Nano seconds,Experiment Seconds,Experiment Nano seconds,Model Found,Model Path,#Tried Combinations,Success Combination
2,25,0,1.322584524,1322584524,0.155466746,155466746,0.0,0,1.484373679,1484373679,true,../processsynthesis/newProcess/newProcesscsuqove3e586qv9nqnqi4v8nki.bpmn2,0,
2,24,0,0.058416373,58416373,0.127167923,127167923,0.0,0,0.187816226,187816226,true,../processsynthesis/newProcess/newProcess5j59dmge6ccfat5it5opvtq6mj.bpmn2,0,
#Criteria,#Nodes,Number of execution,SelectFragments Seconds,SelectFragments Nano seconds,Composition Seconds,Composition Nano seconds,EngineSpecific Seconds,EngineSpecific Nano seconds,Experiment Seconds,Experiment Nano seconds,Model Found,Model Path,#Tried Combinations,Success Combination
2,25,0,1.392234494,1392234494,0.173275267,173275267,0.0,0,1.573367798,1573367798,true,../processsynthesis/newProcess/newProcess3fjkdqj4bps8ka0fldd3a7eojs.bpmn2,0,
2,24,0,0.068747488,68747488,0.106017591,106017591,0.0,0,0.177016826,177016826,true,../processsynthesis/newProcess/newProcess50ms9mt2fiijek3uo0oghidngv.bpmn2,0,
#Criteria,#Nodes,Number of execution,SelectFragments Seconds,SelectFragments Nano seconds,Composition Seconds,Composition Nano seconds,EngineSpecific Seconds,EngineSpecific Nano seconds,Experiment Seconds,Experiment Nano seconds,Model Found,Model Path,#Tried Combinations,Success Combination
2,25,0,1.49982521,1499825210,0.157812302,157812302,0.0,0,1.66415022,1664150220,true,../processsynthesis/newProcess/newProcess89mii2fds825verpo1nttqmbd8.bpmn2,0,
2,24,0,0.078654842,78654842,0.17865624,178656240,0.0,0,0.259281976,259281976,true,../processsynthesis/newProcess/newProcesspdjojog5c4pgk5mrlr80e8oo80.bpmn2,0,
#Criteria,#Nodes,Number of execution,SelectFragments Seconds,SelectFragments Nano seconds,Composition Seconds,Composition Nano seconds,EngineSpecific Seconds,EngineSpecific Nano seconds,Experiment Seconds,Experiment Nano seconds,Model Found,Model Path,#Tried Combinations,Success Combination
2,25,0,1.290865627,1290865627,0.199657653,199657653,0.0,0,1.507690188,1507690188,true,../processsynthesis/newProcess/newProcessivet9tj6bbjphn4sjhm27u1obh.bpmn2,0,
2,24,0,0.068651872,68651872,0.122164664,122164664,0.0,0,0.193024392,193024392,true,../processsynthesis/newProcess/newProcess57g8v64dj0cl85jke8gonb89c7.bpmn2,0,
#Criteria,#Nodes,Number of execution,SelectFragments Seconds,SelectFragments Nano seconds,Composition Seconds,Composition Nano seconds,EngineSpecific Seconds,EngineSpecific Nano seconds,Experiment Seconds,Experiment Nano seconds,Model Found,Model Path,#Tried Combinations,Success Combination
2,25,0,1.244187049,1244187049,0.194637558,194637558,0.0,0,1.444587716,1444587716,true,../processsynthesis/newProcess/newProcessm1jkfuvvl8qbq55bjfvcd5u97g.bpmn2,0,
2,24,0,0.063961077,63961077,0.080942701,80942701,0.0,0,0.146994482,146994482,true,../processsynthesis/newProcess/newProcess59fc02060t26l23jmt773mko6d.bpmn2,0,
#Criteria,#Nodes,Number of execution,SelectFragments Seconds,SelectFragments Nano seconds,Composition Seconds,Composition Nano seconds,EngineSpecific Seconds,EngineSpecific Nano seconds,Experiment Seconds,Experiment Nano seconds,Model Found,Model Path,#Tried Combinations,Success Combination
2,25,0,1.172524011,1172524011,0.121940984,121940984,0.0,0,1.301777507,1301777507,true,../processsynthesis/newProcess/newProcessggna9phu2c28tpmai7is588gj7.bpmn2,0,
2,24,0,0.086644988,86644988,0.135232028,135232028,0.0,0,0.225078445,225078445,true,../processsynthesis/newProcess/newProcessmqe6a1u6unbr7och0g2f3maonb.bpmn2,0,
#Criteria,#Nodes,Number of execution,SelectFragments Seconds,SelectFragments Nano seconds,Composition Seconds,Composition Nano seconds,EngineSpecific Seconds,EngineSpecific Nano seconds,Experiment Seconds,Experiment Nano seconds,Model Found,Model Path,#Tried Combinations,Success Combination
2,25,0,1.41818116,1418181160,0.196150207,196150207,0.0,0,1.631859042,1631859042,true,../processsynthesis/newProcess/newProcess4jpnsk31e8pkhshp91s2lgqquc.bpmn2,0,
2,24,0,0.133443304,133443304,0.134663388,134663388,0.0,0,0.274092261,274092261,true,../processsynthesis/newProcess/newProcessioj3534pn13qflcnf5p76kher2.bpmn2,0,
#Criteria,#Nodes,Number of execution,SelectFragments Seconds,SelectFragments Nano seconds,Composition Seconds,Composition Nano seconds,EngineSpecific Seconds,EngineSpecific Nano seconds,Experiment Seconds,Experiment Nano seconds,Model Found,Model Path,#Tried Combinations,Success Combination
2,25,0,1.290044947,1290044947,0.170043074,170043074,0.0,0,1.468611723,1468611723,true,../processsynthesis/newProcess/newProcess6msc4ees5h167852e0piiu4tia.bpmn2,0,
2,24,0,0.121986231,121986231,0.119845692,119845692,0.0,0,0.244149228,244149228,true,../processsynthesis/newProcess/newProcess1clttimin5h7sa25mu1kcmpgm1.bpmn2,0,
#Criteria,#Nodes,Number of execution,SelectFragments Seconds,SelectFragments Nano seconds,Composition Seconds,Composition Nano seconds,EngineSpecific Seconds,EngineSpecific Nano seconds,Experiment Seconds,Experiment Nano seconds,Model Found,Model Path,#Tried Combinations,Success Combination
2,25,0,1.267062449,1267062449,0.193294453,193294453,0.0,0,1.468416656,1468416656,true,../processsynthesis/newProcess/newProcess71dep67t2c3h3hrgcjedb2eoqs.bpmn2,0,
2,24,0,0.052968768,52968768,0.11413789,114137890,0.0,0,0.169351691,169351691,true,../processsynthesis/newProcess/newProcess2iuvvemum0flansbtqm8ak8ng7.bpmn2,0,
#Criteria,#Nodes,Number of execution,SelectFragments Seconds,SelectFragments Nano seconds,Composition Seconds,Composition Nano seconds,EngineSpecific Seconds,EngineSpecific Nano seconds,Experiment Seconds,Experiment Nano seconds,Model Found,Model Path,#Tried Combinations,Success Combination
2,25,0,1.158521285,1158521285,0.197662597,197662597,0.0,0,1.361971525,1361971525,true,../processsynthesis/newProcess/newProcessfnp60thp5gdgjm848e3nn0m4aj.bpmn2,0,
2,24,0,0.079831144,79831144,0.137284777,137284777,0.0,0,0.221759199,221759199,true,../processsynthesis/newProcess/newProcessdjp85c1lg24adasvvkp7e07gj9.bpmn2,0,
#Criteria,#Nodes,Number of execution,SelectFragments Seconds,SelectFragments Nano seconds,Composition Seconds,Composition Nano seconds,EngineSpecific Seconds,EngineSpecific Nano seconds,Experiment Seconds,Experiment Nano seconds,Model Found,Model Path,#Tried Combinations,Success Combination
2,25,0,1.369729524,1369729524,0.157646981,157646981,0.0,0,1.533161354,1533161354,true,../processsynthesis/newProcess/newProcesspegce5hr4u0g1v63p4uamnnqhp.bpmn2,0,
2,24,0,0.057286355,57286355,0.186666471,186666471,0.0,0,0.247218612,247218612,true,../processsynthesis/newProcess/newProcesssvef4e5qal4athgutn0i45bnfl.bpmn2,0,
#Criteria,#Nodes,Number of execution,SelectFragments Seconds,SelectFragments Nano seconds,Composition Seconds,Composition Nano seconds,EngineSpecific Seconds,EngineSpecific Nano seconds,Experiment Seconds,Experiment Nano seconds,Model Found,Model Path,#Tried Combinations,Success Combination
2,25,0,1.20356664,1203566640,0.190736407,190736407,0.0,0,1.400234633,1400234633,true,../processsynthesis/newProcess/newProcess6gg5jd2m9svms814c98i5v23a5.bpmn2,0,
2,24,0,0.093592717,93592717,0.128921979,128921979,0.0,0,0.224733355,224733355,true,../processsynthesis/newProcess/newProcessjgdgtobc8jto5fmikashf6lnlr.bpmn2,0,
#Criteria,#Nodes,Number of execution,SelectFragments Seconds,SelectFragments Nano seconds,Composition Seconds,Composition Nano seconds,EngineSpecific Seconds,EngineSpecific Nano seconds,Experiment Seconds,Experiment Nano seconds,Model Found,Model Path,#Tried Combinations,Success Combination
2,25,0,1.362798114,1362798114,0.175582912,175582912,0.0,0,1.545404315,1545404315,true,../processsynthesis/newProcess/newProcessjb1q7i0e2u2b0b5ns1sdp8h0a4.bpmn2,0,
2,24,0,0.057556241,57556241,0.158507461,158507461,0.0,0,0.21825606,218256060,true,../processsynthesis/newProcess/newProcess9lcv5c9l74ifi6vtf2sesr3j61.bpmn2,0,
#Criteria,#Nodes,Number of execution,SelectFragments Seconds,SelectFragments Nano seconds,Composition Seconds,Composition Nano seconds,EngineSpecific Seconds,EngineSpecific Nano seconds,Experiment Seconds,Experiment Nano seconds,Model Found,Model Path,#Tried Combinations,Success Combination
2,25,0,1.459726717,1459726717,0.230224285,230224285,0.0,0,1.704368908,1704368908,true,../processsynthesis/newProcess/newProcessf50lbttfcrr54eidq3vg2fcbkb.bpmn2,0,
2,24,0,0.114799492,114799492,0.156686857,156686857,0.0,0,0.274725129,274725129,true,../processsynthesis/newProcess/newProcesss5qr44l2if0gtep54vjoc5ko2j.bpmn2,0,
#Criteria,#Nodes,Number of execution,SelectFragments Seconds,SelectFragments Nano seconds,Composition Seconds,Composition Nano seconds,EngineSpecific Seconds,EngineSpecific Nano seconds,Experiment Seconds,Experiment Nano seconds,Model Found,Model Path,#Tried Combinations,Success Combination
2,25,0,1.175535535,1175535535,0.180110734,180110734,0.0,0,1.376659614,1376659614,true,../processsynthesis/newProcess/newProcess340te15l5dsopikp40pph9e1at.bpmn2,0,
2,24,0,0.065323379,65323379,0.083439399,83439399,0.0,0,0.150871391,150871391,true,../processsynthesis/newProcess/newProcess9ibnfta49mnp63dc946ehh0v5f.bpmn2,0,
#Criteria,#Nodes,Number of execution,SelectFragments Seconds,SelectFragments Nano seconds,Composition Seconds,Composition Nano seconds,EngineSpecific Seconds,EngineSpecific Nano seconds,Experiment Seconds,Experiment Nano seconds,Model Found,Model Path,#Tried Combinations,Success Combination
2,25,0,1.256906464,1256906464,0.168199217,168199217,0.0,0,1.439535458,1439535458,true,../processsynthesis/newProcess/newProcessde31mibqo2t9kgsti6miinimjm.bpmn2,0,
2,24,0,0.06305324,63053240,0.097161472,97161472,0.0,0,0.16249218,162492180,true,../processsynthesis/newProcess/newProcess76k07mt3mbmkquh9scsv1650re.bpmn2,0,
#Criteria,#Nodes,Number of execution,SelectFragments Seconds,SelectFragments Nano seconds,Composition Seconds,Composition Nano seconds,EngineSpecific Seconds,EngineSpecific Nano seconds,Experiment Seconds,Experiment Nano seconds,Model Found,Model Path,#Tried Combinations,Success Combination
2,25,0,1.235378287,1235378287,0.153308101,153308101,0.0,0,1.399498613,1399498613,true,../processsynthesis/newProcess/newProcess8fecrqttennngkhnn82qrt8kvv.bpmn2,0,
2,24,0,0.136247683,136247683,0.119885359,119885359,0.0,0,0.258933093,258933093,true,../processsynthesis/newProcess/newProcessfnivsdn773ped6cdmbogo2fggm.bpmn2,0,
#Criteria,#Nodes,Number of execution,SelectFragments Seconds,SelectFragments Nano seconds,Composition Seconds,Composition Nano seconds,EngineSpecific Seconds,EngineSpecific Nano seconds,Experiment Seconds,Experiment Nano seconds,Model Found,Model Path,#Tried Combinations,Success Combination
2,25,0,1.219069275,1219069275,0.185450135,185450135,0.0,0,1.418601114,1418601114,true,../processsynthesis/newProcess/newProcessuviapqodm8nder5ucjb0csckdf.bpmn2,0,
2,24,0,0.101213285,101213285,0.116815848,116815848,0.0,0,0.220072637,220072637,true,../processsynthesis/newProcess/newProcess62akl9ufa9t9e11eioivcg4h7q.bpmn2,0,
